Date,GL Account,Credit,Debit,Property Name
06/04/2025,1150 - OPERATING CASH IN BANK,,946.00,Midway Manor Apartments
06/04/2025,1150 - OPERATING CASH IN BANK,,"1,138.00",Midway Manor Apartments
06/04/2025,1150 - OPERATING CASH IN BANK,,50.00,Midway Manor Apartments
06/04/2025,1150 - OPERATING CASH IN BANK,,4.00,Midway Manor Apartments
06/04/2025,1150 - OPERATING CASH IN BANK,,10.50,Midway Manor Apartments
06/04/2025,1150 - OPERATING CASH IN BANK,,4.50,Midway Manor Apartments
06/04/2025,1150 - OPERATING CASH IN BANK,,"1,231.00",Midway Manor Apartments
06/04/2025,1150 - OPERATING CASH IN BANK,,"1,090.00",Midway Manor Apartments
06/04/2025,1150 - OPERATING CASH IN BANK,,865.00,Midway Manor Apartments
06/04/2025,1150 - OPERATING CASH IN BANK,,"1,101.00",Midway Manor Apartments
06/04/2025,1150 - OPERATING CASH IN BANK,,914.00,Midway Manor Apartments
06/04/2025,1150 - OPERATING CASH IN BANK,,"1,075.00",Infinity Magnolia LLC
06/04/2025,1150 - OPERATING CASH IN BANK,,10.50,Infinity Magnolia LLC
06/04/2025,1150 - OPERATING CASH IN BANK,,4.50,Infinity Magnolia LLC
06/04/2025,1150 - OPERATING CASH IN BANK,,"1,075.00",Infinity Magnolia LLC
06/04/2025,1150 - OPERATING CASH IN BANK,,10.50,Infinity Magnolia LLC
06/04/2025,1150 - OPERATING CASH IN BANK,,4.50,Infinity Magnolia LLC
06/04/2025,1150 - OPERATING CASH IN BANK,,9.50,Clear Lake Palms
06/04/2025,1150 - OPERATING CASH IN BANK,,3.00,Clear Lake Palms
06/04/2025,1150 - OPERATING CASH IN BANK,,"2,075.00",Clear Lake Palms
06/04/2025,1150 - OPERATING CASH IN BANK,,9.50,Infinity Magnolia LLC
06/04/2025,1150 - OPERATING CASH IN BANK,,3.00,Infinity Magnolia LLC
06/04/2025,1150 - OPERATING CASH IN BANK,,"1,075.00",Infinity Magnolia LLC
06/04/2025,1150 - OPERATING CASH IN BANK,,9.50,"Infinity Magnolia 2, LLC"
06/04/2025,1150 - OPERATING CASH IN BANK,,3.00,"Infinity Magnolia 2, LLC"
06/04/2025,1150 - OPERATING CASH IN BANK,,"1,100.00","Infinity Magnolia 2, LLC"
06/04/2025,1150 - OPERATING CASH IN BANK,,9.50,Azure Villas
06/04/2025,1150 - OPERATING CASH IN BANK,,3.00,Azure Villas
06/04/2025,1150 - OPERATING CASH IN BANK,,65.00,Azure Villas
06/04/2025,1150 - OPERATING CASH IN BANK,,25.00,Azure Villas
06/04/2025,1150 - OPERATING CASH IN BANK,,"1,525.00",Azure Villas
06/04/2025,1150 - OPERATING CASH IN BANK,,45.00,Laguna Place
06/04/2025,1150 - OPERATING CASH IN BANK,,3.00,Laguna Place
06/04/2025,1150 - OPERATING CASH IN BANK,,"1,885.00",Laguna Place
06/04/2025,1150 - OPERATING CASH IN BANK,,10.50,Grove at Temple Terrace
06/04/2025,1150 - OPERATING CASH IN BANK,,4.50,Grove at Temple Terrace
06/04/2025,1150 - OPERATING CASH IN BANK,,"1,225.00",Grove at Temple Terrace
06/04/2025,1150 - OPERATING CASH IN BANK,,"1,025.00",Infinity Magnolia LLC
06/04/2025,1150 - OPERATING CASH IN BANK,,10.50,Infinity Magnolia LLC
06/04/2025,1150 - OPERATING CASH IN BANK,,4.50,Infinity Magnolia LLC
06/04/2025,1150 - OPERATING CASH IN BANK,,9.50,Lakeside Condominiums
06/04/2025,1150 - OPERATING CASH IN BANK,,3.00,Lakeside Condominiums
06/04/2025,1150 - OPERATING CASH IN BANK,,"1,850.00",Lakeside Condominiums
06/04/2025,1150 - OPERATING CASH IN BANK,,"1,000.00",Castle Creek Apartments
06/04/2025,1150 - OPERATING CASH IN BANK,,10.50,Castle Creek Apartments
06/04/2025,1150 - OPERATING CASH IN BANK,,4.50,Castle Creek Apartments
06/04/2025,1150 - OPERATING CASH IN BANK,,494.04,Collins Shopping Plaza
06/04/2025,1150 - OPERATING CASH IN BANK,,5.96,Collins Shopping Plaza
06/04/2025,1150 - OPERATING CASH IN BANK,,9.50,Parc Place Villas
06/04/2025,1150 - OPERATING CASH IN BANK,,3.00,Parc Place Villas
06/04/2025,1150 - OPERATING CASH IN BANK,,"1,200.00",Parc Place Villas
06/04/2025,1150 - OPERATING CASH IN BANK,,9.50,Luna At Hollywood
06/04/2025,1150 - OPERATING CASH IN BANK,,3.00,Luna At Hollywood
06/04/2025,1150 - OPERATING CASH IN BANK,,"2,275.00",Luna At Hollywood
06/04/2025,1150 - OPERATING CASH IN BANK,,"1,865.00",Clear Lake Palms
06/04/2025,1150 - OPERATING CASH IN BANK,,9.50,Clear Lake Palms
06/04/2025,1150 - OPERATING CASH IN BANK,,3.00,Clear Lake Palms
06/04/2025,1150 - OPERATING CASH IN BANK,,10.50,The Standard at 2690
06/04/2025,1150 - OPERATING CASH IN BANK,,4.50,The Standard at 2690
06/04/2025,1150 - OPERATING CASH IN BANK,,"1,125.00",The Standard at 2690
06/04/2025,1150 - OPERATING CASH IN BANK,,2.00,The Standard at 2690
06/04/2025,1150 - OPERATING CASH IN BANK,,25.00,The Standard at 2690
06/04/2025,1150 - OPERATING CASH IN BANK,,9.50,University Townhomes
06/04/2025,1150 - OPERATING CASH IN BANK,,3.00,University Townhomes
06/04/2025,1150 - OPERATING CASH IN BANK,,"1,050.00",University Townhomes
06/04/2025,1150 - OPERATING CASH IN BANK,,200.00,University Townhomes
06/04/2025,1150 - OPERATING CASH IN BANK,,10.50,Parc Place Villas
06/04/2025,1150 - OPERATING CASH IN BANK,,4.50,Parc Place Villas
06/04/2025,1150 - OPERATING CASH IN BANK,,"1,200.00",Parc Place Villas
06/04/2025,1150 - OPERATING CASH IN BANK,,9.50,Lakeside Condominiums
06/04/2025,1150 - OPERATING CASH IN BANK,,3.00,Lakeside Condominiums
06/04/2025,1150 - OPERATING CASH IN BANK,,"1,625.00",Lakeside Condominiums
06/04/2025,1150 - OPERATING CASH IN BANK,,"1,000.00",Castle Creek Apartments
06/04/2025,1150 - OPERATING CASH IN BANK,,10.50,Castle Creek Apartments
06/04/2025,1150 - OPERATING CASH IN BANK,,4.50,Castle Creek Apartments
06/04/2025,1150 - OPERATING CASH IN BANK,,9.50,Azure Villas
06/04/2025,1150 - OPERATING CASH IN BANK,,3.00,Azure Villas
06/04/2025,1150 - OPERATING CASH IN BANK,,65.00,Azure Villas
06/04/2025,1150 - OPERATING CASH IN BANK,,25.00,Azure Villas
06/04/2025,1150 - OPERATING CASH IN BANK,,"1,500.00",Azure Villas
06/04/2025,1150 - OPERATING CASH IN BANK,,9.50,Azure Villas
06/04/2025,1150 - OPERATING CASH IN BANK,,3.00,Azure Villas
06/04/2025,1150 - OPERATING CASH IN BANK,,"1,815.00",Azure Villas
06/04/2025,1150 - OPERATING CASH IN BANK,,85.00,Azure Villas
06/04/2025,1150 - OPERATING CASH IN BANK,,25.00,Azure Villas
06/04/2025,1150 - OPERATING CASH IN BANK,,9.50,Parc Place Villas
06/04/2025,1150 - OPERATING CASH IN BANK,,3.00,Parc Place Villas
06/04/2025,1150 - OPERATING CASH IN BANK,,"1,450.00",Parc Place Villas
06/04/2025,1150 - OPERATING CASH IN BANK,,9.50,Clear Lake Palms
06/04/2025,1150 - OPERATING CASH IN BANK,,3.00,Clear Lake Palms
06/04/2025,1150 - OPERATING CASH IN BANK,,"1,575.00",Clear Lake Palms
06/04/2025,1150 - OPERATING CASH IN BANK,,9.50,Luna At Hollywood
06/04/2025,1150 - OPERATING CASH IN BANK,,3.00,Luna At Hollywood
06/04/2025,1150 - OPERATING CASH IN BANK,,"2,150.00",Luna At Hollywood
06/04/2025,1150 - OPERATING CASH IN BANK,,950.00,Castle Creek Apartments
06/04/2025,1150 - OPERATING CASH IN BANK,,10.50,Castle Creek Apartments
06/04/2025,1150 - OPERATING CASH IN BANK,,4.50,Castle Creek Apartments
06/04/2025,1150 - OPERATING CASH IN BANK,,9.50,Clear Lake Palms
06/04/2025,1150 - OPERATING CASH IN BANK,,3.00,Clear Lake Palms
06/04/2025,1150 - OPERATING CASH IN BANK,,"1,775.00",Clear Lake Palms
06/04/2025,1150 - OPERATING CASH IN BANK,,10.50,Clear Lake Palms
06/04/2025,1150 - OPERATING CASH IN BANK,,4.50,Clear Lake Palms
06/04/2025,1150 - OPERATING CASH IN BANK,,"2,075.00",Clear Lake Palms
06/04/2025,1150 - OPERATING CASH IN BANK,,10.50,Buena Vista
06/04/2025,1150 - OPERATING CASH IN BANK,,4.50,Buena Vista
06/04/2025,1150 - OPERATING CASH IN BANK,,"1,800.00",Buena Vista
06/04/2025,1150 - OPERATING CASH IN BANK,,99.00,Buena Vista
06/04/2025,1150 - OPERATING CASH IN BANK,,10.50,Parc Place Villas
06/04/2025,1150 - OPERATING CASH IN BANK,,4.50,Parc Place Villas
06/04/2025,1150 - OPERATING CASH IN BANK,,"1,450.00",Parc Place Villas
06/04/2025,1150 - OPERATING CASH IN BANK,,10.50,Clear Lake Palms
06/04/2025,1150 - OPERATING CASH IN BANK,,4.50,Clear Lake Palms
06/04/2025,1150 - OPERATING CASH IN BANK,,"1,575.00",Clear Lake Palms
06/04/2025,1150 - OPERATING CASH IN BANK,,9.50,Azure Villas
06/04/2025,1150 - OPERATING CASH IN BANK,,3.00,Azure Villas
06/04/2025,1150 - OPERATING CASH IN BANK,,"1,815.00",Azure Villas
06/04/2025,1150 - OPERATING CASH IN BANK,,85.00,Azure Villas
06/04/2025,1150 - OPERATING CASH IN BANK,,25.00,Azure Villas
06/04/2025,1150 - OPERATING CASH IN BANK,,9.50,"Infinity Reserve at Waters, LLC"
06/04/2025,1150 - OPERATING CASH IN BANK,,3.00,"Infinity Reserve at Waters, LLC"
06/04/2025,1150 - OPERATING CASH IN BANK,,"1,175.00","Infinity Reserve at Waters, LLC"
06/04/2025,1150 - OPERATING CASH IN BANK,,9.50,Lakeside Condominiums
06/04/2025,1150 - OPERATING CASH IN BANK,,3.00,Lakeside Condominiums
06/04/2025,1150 - OPERATING CASH IN BANK,,"2,275.00",Lakeside Condominiums
06/04/2025,1150 - OPERATING CASH IN BANK,,10.50,Clear Lake Palms
06/04/2025,1150 - OPERATING CASH IN BANK,,4.50,Clear Lake Palms
06/04/2025,1150 - OPERATING CASH IN BANK,,"1,865.00",Clear Lake Palms
06/04/2025,1150 - OPERATING CASH IN BANK,,9.50,Clear Lake Palms
06/04/2025,1150 - OPERATING CASH IN BANK,,3.00,Clear Lake Palms
06/04/2025,1150 - OPERATING CASH IN BANK,,"1,865.00",Clear Lake Palms
06/04/2025,1150 - OPERATING CASH IN BANK,,2.50,Castle Creek Apartments
06/04/2025,1150 - OPERATING CASH IN BANK,,4.50,Castle Creek Apartments
06/04/2025,1150 - OPERATING CASH IN BANK,,145.00,Castle Creek Apartments
06/04/2025,1150 - OPERATING CASH IN BANK,,8.00,Castle Creek Apartments
06/04/2025,1150 - OPERATING CASH IN BANK,,"1,865.00",Clear Lake Palms
06/04/2025,1150 - OPERATING CASH IN BANK,,10.50,Clear Lake Palms
06/04/2025,1150 - OPERATING CASH IN BANK,,4.50,Clear Lake Palms
06/04/2025,1150 - OPERATING CASH IN BANK,,9.50,Lakeside Condominiums
06/04/2025,1150 - OPERATING CASH IN BANK,,3.00,Lakeside Condominiums
06/04/2025,1150 - OPERATING CASH IN BANK,,"1,650.00",Lakeside Condominiums
06/04/2025,1150 - OPERATING CASH IN BANK,,10.50,Lakeside Condominiums
06/04/2025,1150 - OPERATING CASH IN BANK,,4.50,Lakeside Condominiums
06/04/2025,1150 - OPERATING CASH IN BANK,,"1,750.00",Lakeside Condominiums
06/04/2025,1150 - OPERATING CASH IN BANK,,"1,575.00",Clear Lake Palms
06/04/2025,1150 - OPERATING CASH IN BANK,,9.50,Clear Lake Palms
06/04/2025,1150 - OPERATING CASH IN BANK,,3.00,Clear Lake Palms
06/04/2025,1150 - OPERATING CASH IN BANK,,"2,150.00",Luna At Hollywood
06/04/2025,1150 - OPERATING CASH IN BANK,,10.50,Luna At Hollywood
06/04/2025,1150 - OPERATING CASH IN BANK,,4.50,Luna At Hollywood
06/04/2025,1150 - OPERATING CASH IN BANK,,10.50,Clear Lake Palms
06/04/2025,1150 - OPERATING CASH IN BANK,,4.50,Clear Lake Palms
06/04/2025,1150 - OPERATING CASH IN BANK,,"1,865.00",Clear Lake Palms
06/04/2025,1150 - OPERATING CASH IN BANK,,10.50,South Bay Plantation
06/04/2025,1150 - OPERATING CASH IN BANK,,4.50,South Bay Plantation
06/04/2025,1150 - OPERATING CASH IN BANK,,"1,900.00",South Bay Plantation
06/04/2025,1150 - OPERATING CASH IN BANK,,50.00,Royal Manor
06/04/2025,1150 - OPERATING CASH IN BANK,,4.00,Royal Manor
06/04/2025,1150 - OPERATING CASH IN BANK,,10.50,Royal Manor
06/04/2025,1150 - OPERATING CASH IN BANK,,4.50,Royal Manor
06/04/2025,1150 - OPERATING CASH IN BANK,,238.00,Royal Manor
06/04/2025,1150 - OPERATING CASH IN BANK,,10.50,Buena Vista
06/04/2025,1150 - OPERATING CASH IN BANK,,4.50,Buena Vista
06/04/2025,1150 - OPERATING CASH IN BANK,,"1,650.00",Buena Vista
06/04/2025,1150 - OPERATING CASH IN BANK,,104.00,Buena Vista
06/04/2025,1150 - OPERATING CASH IN BANK,,10.50,Grove at Temple Terrace
06/04/2025,1150 - OPERATING CASH IN BANK,,4.50,Grove at Temple Terrace
06/04/2025,1150 - OPERATING CASH IN BANK,,"1,500.00",Grove at Temple Terrace
06/04/2025,1150 - OPERATING CASH IN BANK,,9.50,Lakeside Condominiums
06/04/2025,1150 - OPERATING CASH IN BANK,,3.00,Lakeside Condominiums
06/04/2025,1150 - OPERATING CASH IN BANK,,"1,925.00",Lakeside Condominiums
06/04/2025,1150 - OPERATING CASH IN BANK,,10.50,Luna At Hollywood
06/04/2025,1150 - OPERATING CASH IN BANK,,4.50,Luna At Hollywood
06/04/2025,1150 - OPERATING CASH IN BANK,,"1,800.00",Luna At Hollywood
06/04/2025,1150 - OPERATING CASH IN BANK,,"1,375.00",The Standard at 2690
06/04/2025,1150 - OPERATING CASH IN BANK,,2.00,The Standard at 2690
06/04/2025,1150 - OPERATING CASH IN BANK,,25.00,The Standard at 2690
06/04/2025,1150 - OPERATING CASH IN BANK,,10.50,Infinity Magnolia LLC
06/04/2025,1150 - OPERATING CASH IN BANK,,4.50,Infinity Magnolia LLC
06/04/2025,1150 - OPERATING CASH IN BANK,,"1,075.00",Infinity Magnolia LLC
06/04/2025,1150 - OPERATING CASH IN BANK,,"1,250.00",Buena Vista
06/04/2025,1150 - OPERATING CASH IN BANK,,96.00,Buena Vista
06/04/2025,1150 - OPERATING CASH IN BANK,,10.50,Buena Vista
06/04/2025,1150 - OPERATING CASH IN BANK,,4.50,Buena Vista
06/04/2025,1150 - OPERATING CASH IN BANK,,9.50,Lakeside Condominiums
06/04/2025,1150 - OPERATING CASH IN BANK,,3.00,Lakeside Condominiums
06/04/2025,1150 - OPERATING CASH IN BANK,,"2,100.00",Lakeside Condominiums
06/04/2025,1150 - OPERATING CASH IN BANK,,"1,075.00",Infinity Magnolia LLC
06/04/2025,1150 - OPERATING CASH IN BANK,,10.50,Infinity Magnolia LLC
06/04/2025,1150 - OPERATING CASH IN BANK,,4.50,Infinity Magnolia LLC
06/04/2025,1150 - OPERATING CASH IN BANK,,"1,075.00",Infinity Magnolia LLC
06/04/2025,1150 - OPERATING CASH IN BANK,,10.50,Infinity Magnolia LLC
06/04/2025,1150 - OPERATING CASH IN BANK,,4.50,Infinity Magnolia LLC
06/04/2025,1150 - OPERATING CASH IN BANK,,3.00,Infinity Magnolia LLC
06/04/2025,1150 - OPERATING CASH IN BANK,,10.50,Infinity Magnolia LLC
06/04/2025,1150 - OPERATING CASH IN BANK,,"1,025.00",Infinity Magnolia LLC
06/04/2025,1150 - OPERATING CASH IN BANK,,9.50,Clear Lake Palms
06/04/2025,1150 - OPERATING CASH IN BANK,,3.00,Clear Lake Palms
06/04/2025,1150 - OPERATING CASH IN BANK,,"1,865.00",Clear Lake Palms
06/04/2025,1150 - OPERATING CASH IN BANK,,9.50,Laguna Place
06/04/2025,1150 - OPERATING CASH IN BANK,,3.00,Laguna Place
06/04/2025,1150 - OPERATING CASH IN BANK,,"1,700.00",Laguna Place
06/04/2025,1150 - OPERATING CASH IN BANK,,10.50,Clear Lake Palms
06/04/2025,1150 - OPERATING CASH IN BANK,,4.50,Clear Lake Palms
06/04/2025,1150 - OPERATING CASH IN BANK,,"2,075.00",Clear Lake Palms
06/04/2025,1150 - OPERATING CASH IN BANK,,55.00,Azure Villas
06/04/2025,1150 - OPERATING CASH IN BANK,,65.00,Azure Villas
06/04/2025,1150 - OPERATING CASH IN BANK,,25.00,Azure Villas
06/04/2025,1150 - OPERATING CASH IN BANK,,10.50,Azure Villas
06/04/2025,1150 - OPERATING CASH IN BANK,,4.50,Azure Villas
06/04/2025,1150 - OPERATING CASH IN BANK,,840.00,Azure Villas
06/04/2025,1150 - OPERATING CASH IN BANK,,"1,425.00",Clear Lake Palms
06/04/2025,1150 - OPERATING CASH IN BANK,,10.50,Clear Lake Palms
06/04/2025,1150 - OPERATING CASH IN BANK,,4.50,Clear Lake Palms
06/04/2025,1150 - OPERATING CASH IN BANK,,10.50,Parc Place Villas
06/04/2025,1150 - OPERATING CASH IN BANK,,4.50,Parc Place Villas
06/04/2025,1150 - OPERATING CASH IN BANK,,"1,200.00",Parc Place Villas
06/04/2025,1150 - OPERATING CASH IN BANK,,"2,476.17",Collins Shopping Plaza
06/04/2025,1150 - OPERATING CASH IN BANK,,841.91,Collins Shopping Plaza
06/04/2025,1150 - OPERATING CASH IN BANK,,367.06,Collins Shopping Plaza
06/04/2025,1150 - OPERATING CASH IN BANK,,"9,184.84",Collins Shopping Plaza
06/04/2025,1150 - OPERATING CASH IN BANK,,375.09,Collins Shopping Plaza
06/04/2025,1150 - OPERATING CASH IN BANK,,9.50,Lakeside Condominiums
06/04/2025,1150 - OPERATING CASH IN BANK,,3.00,Lakeside Condominiums
06/04/2025,1150 - OPERATING CASH IN BANK,,"1,900.00",Lakeside Condominiums
06/04/2025,1150 - OPERATING CASH IN BANK,,10.50,South Bay Plantation
06/04/2025,1150 - OPERATING CASH IN BANK,,4.50,South Bay Plantation
06/04/2025,1150 - OPERATING CASH IN BANK,,"2,150.00",South Bay Plantation
06/04/2025,1150 - OPERATING CASH IN BANK,,"1,075.00",Infinity Magnolia LLC
06/04/2025,1150 - OPERATING CASH IN BANK,,10.50,Infinity Magnolia LLC
06/04/2025,1150 - OPERATING CASH IN BANK,,4.50,Infinity Magnolia LLC
06/04/2025,1150 - OPERATING CASH IN BANK,,"1,350.00",The Standard at 2690
06/04/2025,1150 - OPERATING CASH IN BANK,,2.00,The Standard at 2690
06/04/2025,1150 - OPERATING CASH IN BANK,,10.50,The Standard at 2690
06/04/2025,1150 - OPERATING CASH IN BANK,,4.50,The Standard at 2690
06/04/2025,1150 - OPERATING CASH IN BANK,,25.00,The Standard at 2690
06/04/2025,1150 - OPERATING CASH IN BANK,,10.50,Royal Manor
06/04/2025,1150 - OPERATING CASH IN BANK,,4.50,Royal Manor
06/04/2025,1150 - OPERATING CASH IN BANK,,50.00,Royal Manor
06/04/2025,1150 - OPERATING CASH IN BANK,,4.00,Royal Manor
06/04/2025,1150 - OPERATING CASH IN BANK,,"1,105.00",Royal Manor
06/04/2025,1150 - OPERATING CASH IN BANK,,10.50,The Standard at 2690
06/04/2025,1150 - OPERATING CASH IN BANK,,"1,275.00",The Standard at 2690
06/04/2025,1150 - OPERATING CASH IN BANK,,2.00,The Standard at 2690
06/04/2025,1150 - OPERATING CASH IN BANK,,4.50,The Standard at 2690
06/04/2025,1150 - OPERATING CASH IN BANK,,25.00,The Standard at 2690
06/04/2025,1150 - OPERATING CASH IN BANK,,"1,050.00",University Townhomes
06/04/2025,1150 - OPERATING CASH IN BANK,,10.50,University Townhomes
06/04/2025,1150 - OPERATING CASH IN BANK,,4.50,University Townhomes
06/04/2025,1150 - OPERATING CASH IN BANK,,9.50,Laguna Place
06/04/2025,1150 - OPERATING CASH IN BANK,,3.00,Laguna Place
06/04/2025,1150 - OPERATING CASH IN BANK,,"1,600.00",Laguna Place
06/04/2025,1150 - OPERATING CASH IN BANK,,9.50,Clear Lake Palms
06/04/2025,1150 - OPERATING CASH IN BANK,,3.00,Clear Lake Palms
06/04/2025,1150 - OPERATING CASH IN BANK,,"1,575.00",Clear Lake Palms
06/04/2025,1150 - OPERATING CASH IN BANK,,10.50,University Townhomes
06/04/2025,1150 - OPERATING CASH IN BANK,,4.50,University Townhomes
06/04/2025,1150 - OPERATING CASH IN BANK,,985.00,University Townhomes
06/04/2025,1150 - OPERATING CASH IN BANK,,10.50,The Standard at 2690
06/04/2025,1150 - OPERATING CASH IN BANK,,4.50,The Standard at 2690
06/04/2025,1150 - OPERATING CASH IN BANK,,"1,425.00",The Standard at 2690
06/04/2025,1150 - OPERATING CASH IN BANK,,2.00,The Standard at 2690
06/04/2025,1150 - OPERATING CASH IN BANK,,25.00,The Standard at 2690
06/04/2025,1150 - OPERATING CASH IN BANK,,215.00,University Townhomes
06/04/2025,1150 - OPERATING CASH IN BANK,,10.50,Parc Place Villas
06/04/2025,1150 - OPERATING CASH IN BANK,,4.50,Parc Place Villas
06/04/2025,1150 - OPERATING CASH IN BANK,,"1,450.00",Parc Place Villas
06/04/2025,1150 - OPERATING CASH IN BANK,,"1,425.00",Clear Lake Palms
06/04/2025,1150 - OPERATING CASH IN BANK,,10.50,Clear Lake Palms
06/04/2025,1150 - OPERATING CASH IN BANK,,4.50,Clear Lake Palms
06/04/2025,1150 - OPERATING CASH IN BANK,,10.50,Castle Creek Apartments
06/04/2025,1150 - OPERATING CASH IN BANK,,4.50,Castle Creek Apartments
06/04/2025,1150 - OPERATING CASH IN BANK,,950.00,Castle Creek Apartments
06/04/2025,1150 - OPERATING CASH IN BANK,,500.00,Castle Creek Apartments
06/04/2025,1150 - OPERATING CASH IN BANK,,500.00,Castle Creek Apartments
06/04/2025,1150 - OPERATING CASH IN BANK,,200.00,Castle Creek Apartments
06/04/2025,1150 - OPERATING CASH IN BANK,,10.50,Castle Creek Apartments
06/04/2025,1150 - OPERATING CASH IN BANK,,4.50,Castle Creek Apartments
06/04/2025,1150 - OPERATING CASH IN BANK,,"1,405.00",Clear Lake Palms
06/04/2025,1150 - OPERATING CASH IN BANK,,"1,450.00",The Standard at 2690
06/04/2025,1150 - OPERATING CASH IN BANK,,2.00,The Standard at 2690
06/04/2025,1150 - OPERATING CASH IN BANK,,10.50,The Standard at 2690
06/04/2025,1150 - OPERATING CASH IN BANK,,4.50,The Standard at 2690
06/04/2025,1150 - OPERATING CASH IN BANK,,10.50,Woodridge Manor
06/04/2025,1150 - OPERATING CASH IN BANK,,4.50,Woodridge Manor
06/04/2025,1150 - OPERATING CASH IN BANK,,"1,500.00",Woodridge Manor
06/04/2025,1150 - OPERATING CASH IN BANK,,33.00,Woodridge Manor
06/04/2025,1150 - OPERATING CASH IN BANK,,"1,525.00",Azure Villas
06/04/2025,1150 - OPERATING CASH IN BANK,,65.00,Azure Villas
06/04/2025,1150 - OPERATING CASH IN BANK,,25.00,Azure Villas
06/04/2025,1150 - OPERATING CASH IN BANK,,10.50,Azure Villas
06/04/2025,1150 - OPERATING CASH IN BANK,,4.50,Azure Villas
06/04/2025,1150 - OPERATING CASH IN BANK,,9.50,University Townhomes
06/04/2025,1150 - OPERATING CASH IN BANK,,3.00,University Townhomes
06/04/2025,1150 - OPERATING CASH IN BANK,,"1,200.00",University Townhomes
06/04/2025,1150 - OPERATING CASH IN BANK,,830.00,"Infinity Reserve at Waters, LLC"
06/04/2025,1150 - OPERATING CASH IN BANK,,10.50,"Infinity Reserve at Waters, LLC"
06/04/2025,1150 - OPERATING CASH IN BANK,,4.50,"Infinity Reserve at Waters, LLC"
06/04/2025,1150 - OPERATING CASH IN BANK,,9.50,University Townhomes
06/04/2025,1150 - OPERATING CASH IN BANK,,3.00,University Townhomes
06/04/2025,1150 - OPERATING CASH IN BANK,,"1,050.00",University Townhomes
06/04/2025,1150 - OPERATING CASH IN BANK,,9.50,Laguna Place
06/04/2025,1150 - OPERATING CASH IN BANK,,3.00,Laguna Place
06/04/2025,1150 - OPERATING CASH IN BANK,,"1,885.00",Laguna Place
06/04/2025,1150 - OPERATING CASH IN BANK,,9.50,Clear Lake Palms
06/04/2025,1150 - OPERATING CASH IN BANK,,"1,575.00",Clear Lake Palms
06/04/2025,1150 - OPERATING CASH IN BANK,,9.50,Lakeside Condominiums
06/04/2025,1150 - OPERATING CASH IN BANK,,3.00,Lakeside Condominiums
06/04/2025,1150 - OPERATING CASH IN BANK,,"1,900.00",Lakeside Condominiums
06/04/2025,1150 - OPERATING CASH IN BANK,,"1,585.00",Laguna Place
06/04/2025,1150 - OPERATING CASH IN BANK,,10.50,Laguna Place
06/04/2025,1150 - OPERATING CASH IN BANK,,4.50,Laguna Place
06/04/2025,1150 - OPERATING CASH IN BANK,,45.00,Laguna Place
06/04/2025,1150 - OPERATING CASH IN BANK,,9.50,Laguna Place
06/04/2025,1150 - OPERATING CASH IN BANK,,3.00,Laguna Place
06/04/2025,1150 - OPERATING CASH IN BANK,,"1,675.00",Laguna Place
06/04/2025,1150 - OPERATING CASH IN BANK,,75.00,University Townhomes
06/04/2025,1150 - OPERATING CASH IN BANK,,9.50,University Townhomes
06/04/2025,1150 - OPERATING CASH IN BANK,,3.00,University Townhomes
06/04/2025,1150 - OPERATING CASH IN BANK,,170.50,University Townhomes
06/04/2025,1150 - OPERATING CASH IN BANK,,9.50,University Townhomes
06/04/2025,1150 - OPERATING CASH IN BANK,,3.00,University Townhomes
06/04/2025,1150 - OPERATING CASH IN BANK,,25.00,Lakeside Condominiums
06/04/2025,1150 - OPERATING CASH IN BANK,,10.50,Lakeside Condominiums
06/04/2025,1150 - OPERATING CASH IN BANK,,4.50,Lakeside Condominiums
06/04/2025,1150 - OPERATING CASH IN BANK,,"1,905.00",Lakeside Condominiums
06/04/2025,1150 - OPERATING CASH IN BANK,,10.50,South Bay Plantation
06/04/2025,1150 - OPERATING CASH IN BANK,,4.50,South Bay Plantation
06/04/2025,1150 - OPERATING CASH IN BANK,,"2,150.00",South Bay Plantation
06/04/2025,1150 - OPERATING CASH IN BANK,,9.50,Azure Villas
06/04/2025,1150 - OPERATING CASH IN BANK,,3.00,Azure Villas
06/04/2025,1150 - OPERATING CASH IN BANK,,"1,750.00",Azure Villas
06/04/2025,1150 - OPERATING CASH IN BANK,,85.00,Azure Villas
06/04/2025,1150 - OPERATING CASH IN BANK,,25.00,Azure Villas
06/04/2025,1150 - OPERATING CASH IN BANK,,9.50,Lakeside Condominiums
06/04/2025,1150 - OPERATING CASH IN BANK,,3.00,Lakeside Condominiums
06/04/2025,1150 - OPERATING CASH IN BANK,,"1,900.00",Lakeside Condominiums
06/04/2025,1150 - OPERATING CASH IN BANK,,"2,325.00",The Oaks Apartments
06/04/2025,1150 - OPERATING CASH IN BANK,,9.50,Clear Lake Palms
06/04/2025,1150 - OPERATING CASH IN BANK,,3.00,Clear Lake Palms
06/04/2025,1150 - OPERATING CASH IN BANK,,"1,865.00",Clear Lake Palms
06/04/2025,1150 - OPERATING CASH IN BANK,,10.50,South Bay Plantation
06/04/2025,1150 - OPERATING CASH IN BANK,,4.50,South Bay Plantation
06/04/2025,1150 - OPERATING CASH IN BANK,,"2,150.00",South Bay Plantation
06/04/2025,1150 - OPERATING CASH IN BANK,,10.50,Buena Vista
06/04/2025,1150 - OPERATING CASH IN BANK,,4.50,Buena Vista
06/04/2025,1150 - OPERATING CASH IN BANK,,985.00,Buena Vista
06/04/2025,1150 - OPERATING CASH IN BANK,,890.00,Buena Vista
06/04/2025,1150 - OPERATING CASH IN BANK,,104.00,Buena Vista
06/04/2025,1150 - OPERATING CASH IN BANK,,10.50,South Bay Plantation
06/04/2025,1150 - OPERATING CASH IN BANK,,4.50,South Bay Plantation
06/04/2025,1150 - OPERATING CASH IN BANK,,"2,150.00",South Bay Plantation
06/04/2025,1150 - OPERATING CASH IN BANK,,9.50,Lakeside Condominiums
06/04/2025,1150 - OPERATING CASH IN BANK,,3.00,Lakeside Condominiums
06/04/2025,1150 - OPERATING CASH IN BANK,,"1,600.00",Lakeside Condominiums
06/04/2025,1150 - OPERATING CASH IN BANK,,10.50,Lakeside Condominiums
06/04/2025,1150 - OPERATING CASH IN BANK,,4.50,Lakeside Condominiums
06/04/2025,1150 - OPERATING CASH IN BANK,,"1,950.00",Lakeside Condominiums
06/04/2025,1150 - OPERATING CASH IN BANK,,9.50,Grove at Temple Terrace
06/04/2025,1150 - OPERATING CASH IN BANK,,3.00,Grove at Temple Terrace
06/04/2025,1150 - OPERATING CASH IN BANK,,"1,500.00",Grove at Temple Terrace
06/04/2025,1150 - OPERATING CASH IN BANK,,9.50,Lakeside Condominiums
06/04/2025,1150 - OPERATING CASH IN BANK,,3.00,Lakeside Condominiums
06/04/2025,1150 - OPERATING CASH IN BANK,,"1,900.00",Lakeside Condominiums
06/04/2025,1150 - OPERATING CASH IN BANK,,10.50,University Townhomes
06/04/2025,1150 - OPERATING CASH IN BANK,,4.50,University Townhomes
06/04/2025,1150 - OPERATING CASH IN BANK,,"1,200.00",University Townhomes
06/04/2025,1150 - OPERATING CASH IN BANK,,10.50,University Townhomes
06/04/2025,1150 - OPERATING CASH IN BANK,,4.50,University Townhomes
06/04/2025,1150 - OPERATING CASH IN BANK,,985.00,University Townhomes
06/04/2025,1150 - OPERATING CASH IN BANK,,215.00,University Townhomes
06/04/2025,1150 - OPERATING CASH IN BANK,,"1,000.00",University Townhomes
06/04/2025,1150 - OPERATING CASH IN BANK,,200.00,University Townhomes
06/04/2025,1150 - OPERATING CASH IN BANK,,10.50,University Townhomes
06/04/2025,1150 - OPERATING CASH IN BANK,,4.50,University Townhomes
06/04/2025,1150 - OPERATING CASH IN BANK,,9.50,Luna At Hollywood
06/04/2025,1150 - OPERATING CASH IN BANK,,3.00,Luna At Hollywood
06/04/2025,1150 - OPERATING CASH IN BANK,,"2,075.00",Luna At Hollywood
06/04/2025,1150 - OPERATING CASH IN BANK,,"1,485.00",Laguna Place
06/04/2025,1150 - OPERATING CASH IN BANK,,10.50,Laguna Place
06/04/2025,1150 - OPERATING CASH IN BANK,,4.50,Laguna Place
06/04/2025,1150 - OPERATING CASH IN BANK,,"1,200.00",Castle Creek Apartments
06/04/2025,1150 - OPERATING CASH IN BANK,,10.50,Castle Creek Apartments
06/04/2025,1150 - OPERATING CASH IN BANK,,4.50,Castle Creek Apartments
06/04/2025,1150 - OPERATING CASH IN BANK,,10.50,University Townhomes
06/04/2025,1150 - OPERATING CASH IN BANK,,4.50,University Townhomes
06/04/2025,1150 - OPERATING CASH IN BANK,,"1,050.00",University Townhomes
06/04/2025,1150 - OPERATING CASH IN BANK,,10.50,Buena Vista
06/04/2025,1150 - OPERATING CASH IN BANK,,4.50,Buena Vista
06/04/2025,1150 - OPERATING CASH IN BANK,,"1,249.00",Buena Vista
06/04/2025,1150 - OPERATING CASH IN BANK,,94.00,Buena Vista
06/04/2025,1150 - OPERATING CASH IN BANK,,"2,275.00",Luna At Hollywood
06/04/2025,1150 - OPERATING CASH IN BANK,,9.50,Luna At Hollywood
06/04/2025,1150 - OPERATING CASH IN BANK,,3.00,Luna At Hollywood
06/04/2025,1150 - OPERATING CASH IN BANK,,4.00,Royal Manor
06/04/2025,1150 - OPERATING CASH IN BANK,,10.50,Royal Manor
06/04/2025,1150 - OPERATING CASH IN BANK,,4.50,Royal Manor
06/04/2025,1150 - OPERATING CASH IN BANK,,50.00,Royal Manor
06/04/2025,1150 - OPERATING CASH IN BANK,,"1,175.00",Royal Manor
06/04/2025,1150 - OPERATING CASH IN BANK,"26,942.14",,Castle Creek Apartments
06/04/2025,1150 - OPERATING CASH IN BANK,"20,040.00",,Castle Creek Apartments
06/04/2025,1150 - OPERATING CASH IN BANK,,9.50,Lakeside Condominiums
06/04/2025,1150 - OPERATING CASH IN BANK,,3.00,Lakeside Condominiums
06/04/2025,1150 - OPERATING CASH IN BANK,,"1,900.00",Lakeside Condominiums
06/04/2025,1150 - OPERATING CASH IN BANK,,"1,000.00",Laguna Place
06/04/2025,1150 - OPERATING CASH IN BANK,85.49,,Castle Creek Apartments
06/04/2025,1150 - OPERATING CASH IN BANK,42.66,,Castle Creek Apartments
06/04/2025,1150 - OPERATING CASH IN BANK,399.07,,Castle Creek Apartments
06/04/2025,1150 - OPERATING CASH IN BANK,322.92,,Castle Creek Apartments
06/04/2025,1150 - OPERATING CASH IN BANK,340.19,,Castle Creek Apartments
06/04/2025,1150 - OPERATING CASH IN BANK,567.00,,Castle Creek Apartments
06/04/2025,1150 - OPERATING CASH IN BANK,626.40,,Castle Creek Apartments
06/04/2025,1150 - OPERATING CASH IN BANK,128.30,,Castle Creek Apartments
06/04/2025,1150 - OPERATING CASH IN BANK,17.28,,Castle Creek Apartments
06/04/2025,1150 - OPERATING CASH IN BANK,13.07,,Castle Creek Apartments
06/04/2025,1150 - OPERATING CASH IN BANK,"1,759.32",,Castle Creek Apartments
06/04/2025,1150 - OPERATING CASH IN BANK,"1,759.32",,Castle Creek Apartments
06/04/2025,1150 - OPERATING CASH IN BANK,19.29,,Castle Creek Apartments
06/04/2025,1150 - OPERATING CASH IN BANK,17.87,,Castle Creek Apartments
06/04/2025,1150 - OPERATING CASH IN BANK,,585.00,Laguna Place
06/04/2025,1150 - OPERATING CASH IN BANK,,10.50,Laguna Place
06/04/2025,1150 - OPERATING CASH IN BANK,,4.50,Laguna Place
06/04/2025,1150 - OPERATING CASH IN BANK,,"1,000.00",Buena Vista
06/04/2025,1150 - OPERATING CASH IN BANK,,137.00,Buena Vista
06/04/2025,1150 - OPERATING CASH IN BANK,,96.00,Buena Vista
06/04/2025,1150 - OPERATING CASH IN BANK,,10.50,Buena Vista
06/04/2025,1150 - OPERATING CASH IN BANK,,4.50,Buena Vista
06/04/2025,1150 - OPERATING CASH IN BANK,,150.00,South Bay Plantation
06/04/2025,1150 - OPERATING CASH IN BANK,,10.50,South Bay Plantation
06/04/2025,1150 - OPERATING CASH IN BANK,,4.50,South Bay Plantation
06/04/2025,1150 - OPERATING CASH IN BANK,,"2,150.00",South Bay Plantation
06/04/2025,1150 - OPERATING CASH IN BANK,,1.07,University Townhomes
06/04/2025,1150 - OPERATING CASH IN BANK,,10.50,University Townhomes
06/04/2025,1150 - OPERATING CASH IN BANK,,4.50,University Townhomes
06/04/2025,1150 - OPERATING CASH IN BANK,,483.93,University Townhomes
06/04/2025,1150 - OPERATING CASH IN BANK,,500.00,University Townhomes
06/04/2025,1150 - OPERATING CASH IN BANK,,465.00,University Townhomes
06/04/2025,1150 - OPERATING CASH IN BANK,,10.50,South Bay Plantation
06/04/2025,1150 - OPERATING CASH IN BANK,,4.50,South Bay Plantation
06/04/2025,1150 - OPERATING CASH IN BANK,,"1,900.00",South Bay Plantation
06/04/2025,1150 - OPERATING CASH IN BANK,,10.50,Clear Lake Palms
06/04/2025,1150 - OPERATING CASH IN BANK,,4.50,Clear Lake Palms
06/04/2025,1150 - OPERATING CASH IN BANK,,"2,075.00",Clear Lake Palms
06/04/2025,1150 - OPERATING CASH IN BANK,,"1,000.00",Parc Place Villas
06/04/2025,1150 - OPERATING CASH IN BANK,,450.00,Parc Place Villas
06/04/2025,1150 - OPERATING CASH IN BANK,,9.50,Parc Place Villas
06/04/2025,1150 - OPERATING CASH IN BANK,,3.00,Parc Place Villas
06/04/2025,1150 - OPERATING CASH IN BANK,,2.50,Parc Place Villas
06/04/2025,1150 - OPERATING CASH IN BANK,,942.50,Parc Place Villas
06/04/2025,1150 - OPERATING CASH IN BANK,,9.50,Parc Place Villas
06/04/2025,1150 - OPERATING CASH IN BANK,,3.00,Parc Place Villas
06/04/2025,1150 - OPERATING CASH IN BANK,,45.00,Parc Place Villas
06/04/2025,1150 - OPERATING CASH IN BANK,,250.00,Parc Place Villas
06/04/2025,1150 - OPERATING CASH IN BANK,,5.00,Royal Manor
06/04/2025,1150 - OPERATING CASH IN BANK,,50.00,Royal Manor
06/04/2025,1150 - OPERATING CASH IN BANK,,"1,110.00",Royal Manor
06/04/2025,1150 - OPERATING CASH IN BANK,,10.50,Buena Vista
06/04/2025,1150 - OPERATING CASH IN BANK,,4.50,Buena Vista
06/04/2025,1150 - OPERATING CASH IN BANK,,985.00,Buena Vista
06/04/2025,1150 - OPERATING CASH IN BANK,,565.00,Buena Vista
06/04/2025,1150 - OPERATING CASH IN BANK,,99.00,Buena Vista
06/04/2025,1150 - OPERATING CASH IN BANK,,104.00,Buena Vista
06/04/2025,1150 - OPERATING CASH IN BANK,,10.50,Buena Vista
06/04/2025,1150 - OPERATING CASH IN BANK,,4.50,Buena Vista
06/04/2025,1150 - OPERATING CASH IN BANK,,881.00,Buena Vista
06/04/2025,1150 - OPERATING CASH IN BANK,,637.00,Buena Vista
06/04/2025,1150 - OPERATING CASH IN BANK,9.50,,Lakeside Condominiums
06/04/2025,1150 - OPERATING CASH IN BANK,3.00,,Lakeside Condominiums
06/04/2025,1150 - OPERATING CASH IN BANK,"1,925.00",,Lakeside Condominiums
06/04/2025,1150 - OPERATING CASH IN BANK,9.50,,"Infinity Magnolia 2, LLC"
06/04/2025,1150 - OPERATING CASH IN BANK,3.00,,"Infinity Magnolia 2, LLC"
06/04/2025,1150 - OPERATING CASH IN BANK,"1,075.00",,"Infinity Magnolia 2, LLC"
06/04/2025,1150 - OPERATING CASH IN BANK,10.50,,Grove at Temple Terrace
06/04/2025,1150 - OPERATING CASH IN BANK,4.50,,Grove at Temple Terrace
06/04/2025,1150 - OPERATING CASH IN BANK,"1,474.50",,Grove at Temple Terrace
06/04/2025,1150 - OPERATING CASH IN BANK,930.00,,Azure Villas
06/04/2025,1150 - OPERATING CASH IN BANK,10.50,,Roselea Manor Apartments
06/04/2025,1150 - OPERATING CASH IN BANK,4.50,,Roselea Manor Apartments
06/04/2025,1150 - OPERATING CASH IN BANK,"1,150.00",,Roselea Manor Apartments
06/04/2025,1150 - OPERATING CASH IN BANK,10.50,,Parc Place Villas
06/04/2025,1150 - OPERATING CASH IN BANK,4.50,,Parc Place Villas
06/04/2025,1150 - OPERATING CASH IN BANK,"1,385.00",,Parc Place Villas
06/04/2025,1150 - OPERATING CASH IN BANK,10.50,,Laguna Place
06/04/2025,1150 - OPERATING CASH IN BANK,4.50,,Laguna Place
06/04/2025,1150 - OPERATING CASH IN BANK,985.00,,Laguna Place
06/04/2025,1150 - OPERATING CASH IN BANK,,10.50,The Standard at 2690
06/04/2025,1150 - OPERATING CASH IN BANK,,4.50,The Standard at 2690
06/04/2025,1150 - OPERATING CASH IN BANK,,"1,525.00",The Standard at 2690
06/04/2025,1150 - OPERATING CASH IN BANK,,2.00,The Standard at 2690
06/04/2025,1150 - OPERATING CASH IN BANK,,25.00,The Standard at 2690
06/04/2025,1150 - OPERATING CASH IN BANK,,"1,025.00",Infinity Magnolia LLC
06/04/2025,1150 - OPERATING CASH IN BANK,,10.50,Infinity Magnolia LLC
06/04/2025,1150 - OPERATING CASH IN BANK,,4.50,Infinity Magnolia LLC
06/04/2025,1150 - OPERATING CASH IN BANK,,"1,810.00",Clear Lake Palms
06/04/2025,1150 - OPERATING CASH IN BANK,,9.50,Azure Villas
06/04/2025,1150 - OPERATING CASH IN BANK,,3.00,Azure Villas
06/04/2025,1150 - OPERATING CASH IN BANK,,"1,750.00",Azure Villas
06/04/2025,1150 - OPERATING CASH IN BANK,,85.00,Azure Villas
06/04/2025,1150 - OPERATING CASH IN BANK,,25.00,Azure Villas
06/04/2025,1150 - OPERATING CASH IN BANK,,9.50,Parc Place Villas
06/04/2025,1150 - OPERATING CASH IN BANK,,3.00,Parc Place Villas
06/04/2025,1150 - OPERATING CASH IN BANK,,"1,535.00",Parc Place Villas
06/04/2025,1150 - OPERATING CASH IN BANK,,130.00,Roselea Manor Apartments
06/04/2025,1150 - OPERATING CASH IN BANK,,9.50,Azure Villas
06/04/2025,1150 - OPERATING CASH IN BANK,,3.00,Azure Villas
06/04/2025,1150 - OPERATING CASH IN BANK,,85.00,Azure Villas
06/04/2025,1150 - OPERATING CASH IN BANK,,25.00,Azure Villas
06/04/2025,1150 - OPERATING CASH IN BANK,,"1,795.00",Azure Villas
06/04/2025,1150 - OPERATING CASH IN BANK,,50.00,Midway Manor Apartments
06/04/2025,1150 - OPERATING CASH IN BANK,,4.00,Midway Manor Apartments
06/04/2025,1150 - OPERATING CASH IN BANK,,10.50,Midway Manor Apartments
06/04/2025,1150 - OPERATING CASH IN BANK,,4.50,Midway Manor Apartments
06/04/2025,1150 - OPERATING CASH IN BANK,,"1,230.00",Midway Manor Apartments
06/04/2025,1150 - OPERATING CASH IN BANK,,10.50,Infinity Magnolia LLC
06/04/2025,1150 - OPERATING CASH IN BANK,,4.50,Infinity Magnolia LLC
06/04/2025,1150 - OPERATING CASH IN BANK,,"1,300.00",Infinity Magnolia LLC
06/04/2025,1150 - OPERATING CASH IN BANK,,102.50,Grove at Temple Terrace
06/04/2025,1150 - OPERATING CASH IN BANK,,1.50,Grove at Temple Terrace
06/04/2025,1150 - OPERATING CASH IN BANK,,"1,000.00",Parc Place Villas
06/04/2025,1150 - OPERATING CASH IN BANK,,300.00,Parc Place Villas
06/04/2025,1150 - OPERATING CASH IN BANK,,10.50,Parc Place Villas
06/04/2025,1150 - OPERATING CASH IN BANK,,4.50,Parc Place Villas
06/04/2025,1150 - OPERATING CASH IN BANK,,930.00,Azure Villas
06/04/2025,1150 - OPERATING CASH IN BANK,,35.00,Azure Villas
06/04/2025,1150 - OPERATING CASH IN BANK,464.88,,Infinity Magnolia LLC
06/04/2025,1150 - OPERATING CASH IN BANK,"2,110.19",,Infinity Magnolia LLC
06/04/2025,1150 - OPERATING CASH IN BANK,"3,830.45",,Infinity Magnolia LLC
06/04/2025,1150 - OPERATING CASH IN BANK,4.82,,Infinity Magnolia LLC
06/04/2025,1150 - OPERATING CASH IN BANK,"3,302.25",,Infinity Magnolia LLC
06/04/2025,1150 - OPERATING CASH IN BANK,22.54,,Infinity Magnolia LLC
06/04/2025,1150 - OPERATING CASH IN BANK,683.18,,Infinity Magnolia LLC
06/04/2025,1150 - OPERATING CASH IN BANK,15.75,,Zuli Shopping Plaza
06/04/2025,1150 - OPERATING CASH IN BANK,"3,849.00",,Zuli Shopping Plaza
06/04/2025,1150 - OPERATING CASH IN BANK,651.00,,Midway Manor Apartments
06/04/2025,1150 - OPERATING CASH IN BANK,342.50,,Midway Manor Apartments
06/04/2025,1150 - OPERATING CASH IN BANK,336.00,,Midway Manor Apartments
06/04/2025,1150 - OPERATING CASH IN BANK,216.23,,Park Creek Apartments
06/04/2025,1150 - OPERATING CASH IN BANK,84.00,,Park Creek Apartments
06/04/2025,1150 - OPERATING CASH IN BANK,908.95,,Park Creek Apartments
06/04/2025,1150 - OPERATING CASH IN BANK,,10.50,Infinity Las Casitas Apartments LLC
06/04/2025,1150 - OPERATING CASH IN BANK,,4.50,Infinity Las Casitas Apartments LLC
06/04/2025,1150 - OPERATING CASH IN BANK,,9.50,Parc Place Villas
06/04/2025,1150 - OPERATING CASH IN BANK,,3.00,Parc Place Villas
06/04/2025,1150 - OPERATING CASH IN BANK,,"1,350.00",Parc Place Villas
06/04/2025,1150 - OPERATING CASH IN BANK,915.00,,Park Creek Apartments
06/04/2025,1150 - OPERATING CASH IN BANK,,10.50,University Townhomes
06/04/2025,1150 - OPERATING CASH IN BANK,,4.50,University Townhomes
06/04/2025,1150 - OPERATING CASH IN BANK,,"1,200.00",University Townhomes
06/04/2025,1150 - OPERATING CASH IN BANK,,10.50,Clear Lake Palms
06/04/2025,1150 - OPERATING CASH IN BANK,,4.50,Clear Lake Palms
06/04/2025,1150 - OPERATING CASH IN BANK,,"1,865.00",Clear Lake Palms
06/04/2025,1150 - OPERATING CASH IN BANK,"1,075.00",,Royal Manor
06/04/2025,1150 - OPERATING CASH IN BANK,96.82,,University Townhomes
06/04/2025,1150 - OPERATING CASH IN BANK,,916.00,Azure Villas
06/04/2025,1150 - OPERATING CASH IN BANK,,9.50,Parc Place Villas
06/04/2025,1150 - OPERATING CASH IN BANK,,3.00,Parc Place Villas
06/04/2025,1150 - OPERATING CASH IN BANK,,"1,450.00",Parc Place Villas
06/04/2025,1150 - OPERATING CASH IN BANK,,10.50,Castle Creek Apartments
06/04/2025,1150 - OPERATING CASH IN BANK,,4.50,Castle Creek Apartments
06/04/2025,1150 - OPERATING CASH IN BANK,,"1,249.00",Castle Creek Apartments
06/04/2025,1150 - OPERATING CASH IN BANK,,"1,204.00",Clear Lake Palms
06/04/2025,1150 - OPERATING CASH IN BANK,,9.50,Luna At Hollywood
06/04/2025,1150 - OPERATING CASH IN BANK,,3.00,Luna At Hollywood
06/04/2025,1150 - OPERATING CASH IN BANK,,"1,775.00",Luna At Hollywood
06/04/2025,1150 - OPERATING CASH IN BANK,,9.50,Grove at Temple Terrace
06/04/2025,1150 - OPERATING CASH IN BANK,,3.00,Grove at Temple Terrace
06/04/2025,1150 - OPERATING CASH IN BANK,,"1,488.00",Grove at Temple Terrace
06/04/2025,1150 - OPERATING CASH IN BANK,,75.00,Grove at Temple Terrace
06/04/2025,1150 - OPERATING CASH IN BANK,,10.00,University Townhomes
06/04/2025,1150 - OPERATING CASH IN BANK,,4.00,University Townhomes
06/04/2025,1150 - OPERATING CASH IN BANK,,486.00,University Townhomes
06/04/2025,1150 - OPERATING CASH IN BANK,,500.00,University Townhomes
06/04/2025,1150 - OPERATING CASH IN BANK,,214.00,University Townhomes
06/04/2025,1150 - OPERATING CASH IN BANK,,1.00,University Townhomes
06/04/2025,1150 - OPERATING CASH IN BANK,,7.50,University Townhomes
06/04/2025,1150 - OPERATING CASH IN BANK,,3.00,University Townhomes
06/04/2025,1150 - OPERATING CASH IN BANK,,989.50,University Townhomes
06/04/2025,1150 - OPERATING CASH IN BANK,,210.50,University Townhomes
06/04/2025,1150 - OPERATING CASH IN BANK,,2.50,University Townhomes
06/04/2025,1150 - OPERATING CASH IN BANK,,"1,075.00",Infinity Magnolia LLC
06/04/2025,1150 - OPERATING CASH IN BANK,,10.50,Infinity Magnolia LLC
06/04/2025,1150 - OPERATING CASH IN BANK,,4.50,Infinity Magnolia LLC
06/04/2025,1150 - OPERATING CASH IN BANK,,866.00,Royal Manor
06/04/2025,1150 - OPERATING CASH IN BANK,,10.50,The Standard at 2690
06/04/2025,1150 - OPERATING CASH IN BANK,,4.50,The Standard at 2690
06/04/2025,1150 - OPERATING CASH IN BANK,,985.00,The Standard at 2690
06/04/2025,1150 - OPERATING CASH IN BANK,,365.00,The Standard at 2690
06/04/2025,1150 - OPERATING CASH IN BANK,,2.00,The Standard at 2690
06/04/2025,1150 - OPERATING CASH IN BANK,,9.50,Grove at Temple Terrace
06/04/2025,1150 - OPERATING CASH IN BANK,,3.00,Grove at Temple Terrace
06/04/2025,1150 - OPERATING CASH IN BANK,,"1,450.00",Grove at Temple Terrace
06/04/2025,1150 - OPERATING CASH IN BANK,,9.50,Azure Villas
06/04/2025,1150 - OPERATING CASH IN BANK,,3.00,Azure Villas
06/04/2025,1150 - OPERATING CASH IN BANK,,35.00,Azure Villas
06/04/2025,1150 - OPERATING CASH IN BANK,,25.00,Azure Villas
06/04/2025,1150 - OPERATING CASH IN BANK,,"1,510.00",Azure Villas
06/04/2025,1150 - OPERATING CASH IN BANK,,8.48,Laguna Place
06/04/2025,1150 - OPERATING CASH IN BANK,,4.50,Laguna Place
06/04/2025,1150 - OPERATING CASH IN BANK,,987.02,Laguna Place
06/04/2025,1150 - OPERATING CASH IN BANK,,897.98,Laguna Place
06/04/2025,1150 - OPERATING CASH IN BANK,,2.02,Laguna Place
06/04/2025,1150 - OPERATING CASH IN BANK,,147.19,The Standard at 2690
06/04/2025,1150 - OPERATING CASH IN BANK,,10.50,The Standard at 2690
06/04/2025,1150 - OPERATING CASH IN BANK,,4.50,The Standard at 2690
06/04/2025,1150 - OPERATING CASH IN BANK,,337.81,The Standard at 2690
06/04/2025,1150 - OPERATING CASH IN BANK,,300.00,Laguna Place
06/04/2025,1150 - OPERATING CASH IN BANK,,500.00,The Standard at 2690
06/04/2025,1150 - OPERATING CASH IN BANK,,500.00,The Standard at 2690
06/04/2025,1150 - OPERATING CASH IN BANK,,400.00,The Standard at 2690
06/04/2025,1150 - OPERATING CASH IN BANK,,9.50,"Infinity Reserve at Waters, LLC"
06/04/2025,1150 - OPERATING CASH IN BANK,,3.00,"Infinity Reserve at Waters, LLC"
06/04/2025,1150 - OPERATING CASH IN BANK,,900.00,"Infinity Reserve at Waters, LLC"
06/04/2025,1150 - OPERATING CASH IN BANK,,9.50,Lakeside Condominiums
06/04/2025,1150 - OPERATING CASH IN BANK,,3.00,Lakeside Condominiums
06/04/2025,1150 - OPERATING CASH IN BANK,,"1,862.50",Lakeside Condominiums
06/04/2025,1150 - OPERATING CASH IN BANK,,9.00,Lakeside Condominiums
06/04/2025,1150 - OPERATING CASH IN BANK,,3.00,Lakeside Condominiums
06/04/2025,1150 - OPERATING CASH IN BANK,,"1,900.00",Lakeside Condominiums
06/04/2025,1150 - OPERATING CASH IN BANK,,0.50,Lakeside Condominiums
06/04/2025,1150 - OPERATING CASH IN BANK,,257.00,Azure Villas
06/04/2025,1150 - OPERATING CASH IN BANK,,10.50,Roselea Manor Apartments
06/04/2025,1150 - OPERATING CASH IN BANK,,4.50,Roselea Manor Apartments
06/04/2025,1150 - OPERATING CASH IN BANK,,"1,200.00",Roselea Manor Apartments
06/04/2025,1150 - OPERATING CASH IN BANK,,873.00,Royal Manor
06/04/2025,1150 - OPERATING CASH IN BANK,,787.00,Royal Manor
06/04/2025,1150 - OPERATING CASH IN BANK,,10.50,University Townhomes
06/04/2025,1150 - OPERATING CASH IN BANK,,4.50,University Townhomes
06/04/2025,1150 - OPERATING CASH IN BANK,,1.04,University Townhomes
06/04/2025,1150 - OPERATING CASH IN BANK,,483.96,University Townhomes
06/04/2025,1150 - OPERATING CASH IN BANK,,500.00,University Townhomes
06/04/2025,1150 - OPERATING CASH IN BANK,,"1,023.00",Royal Manor
06/04/2025,1150 - OPERATING CASH IN BANK,,216.04,University Townhomes
06/04/2025,1150 - OPERATING CASH IN BANK,,10.50,University Townhomes
06/04/2025,1150 - OPERATING CASH IN BANK,,4.46,University Townhomes
06/04/2025,1150 - OPERATING CASH IN BANK,,10.50,Clear Lake Palms
06/04/2025,1150 - OPERATING CASH IN BANK,,4.50,Clear Lake Palms
06/04/2025,1150 - OPERATING CASH IN BANK,,"1,865.00",Clear Lake Palms
06/04/2025,1150 - OPERATING CASH IN BANK,,586.00,Royal Manor
06/04/2025,1150 - OPERATING CASH IN BANK,,322.59,Azure Villas
06/04/2025,1150 - OPERATING CASH IN BANK,,177.41,Azure Villas
06/04/2025,1150 - OPERATING CASH IN BANK,,150.00,Laguna Place
06/04/2025,1150 - OPERATING CASH IN BANK,,10.50,Laguna Place
06/04/2025,1150 - OPERATING CASH IN BANK,,4.50,Laguna Place
06/04/2025,1150 - OPERATING CASH IN BANK,,"1,885.00",Laguna Place
06/04/2025,1150 - OPERATING CASH IN BANK,,280.00,Azure Villas
06/04/2025,1150 - OPERATING CASH IN BANK,,833.00,Royal Manor
06/04/2025,1150 - OPERATING CASH IN BANK,,982.00,Royal Manor
06/04/2025,1150 - OPERATING CASH IN BANK,,595.00,Royal Manor
06/04/2025,1150 - OPERATING CASH IN BANK,,879.00,Royal Manor
06/04/2025,1150 - OPERATING CASH IN BANK,,923.40,Royal Manor
06/04/2025,1150 - OPERATING CASH IN BANK,,50.00,Royal Manor
06/04/2025,1150 - OPERATING CASH IN BANK,,4.00,Royal Manor
06/04/2025,1150 - OPERATING CASH IN BANK,,122.60,Royal Manor
06/04/2025,1150 - OPERATING CASH IN BANK,,10.50,Parc Place Villas
06/04/2025,1150 - OPERATING CASH IN BANK,,4.50,Parc Place Villas
06/04/2025,1150 - OPERATING CASH IN BANK,,"1,450.00",Parc Place Villas
06/04/2025,1150 - OPERATING CASH IN BANK,,890.00,Royal Manor
06/04/2025,1150 - OPERATING CASH IN BANK,,932.50,Clear Lake Palms
06/04/2025,1150 - OPERATING CASH IN BANK,,9.50,Parc Place Villas
06/04/2025,1150 - OPERATING CASH IN BANK,,3.00,Parc Place Villas
06/04/2025,1150 - OPERATING CASH IN BANK,,"1,200.00",Parc Place Villas
06/04/2025,1150 - OPERATING CASH IN BANK,,"1,255.00",Luna At Hollywood
06/04/2025,1150 - OPERATING CASH IN BANK,,10.50,Luna At Hollywood
06/04/2025,1150 - OPERATING CASH IN BANK,,4.50,Luna At Hollywood
06/04/2025,1150 - OPERATING CASH IN BANK,,10.50,Infinity Las Casitas Apartments LLC
06/04/2025,1150 - OPERATING CASH IN BANK,,4.50,Infinity Las Casitas Apartments LLC
06/04/2025,1150 - OPERATING CASH IN BANK,,"1,750.00",Infinity Las Casitas Apartments LLC
06/04/2025,1150 - OPERATING CASH IN BANK,,"1,865.00",Clear Lake Palms
06/04/2025,1150 - OPERATING CASH IN BANK,,9.50,Clear Lake Palms
06/04/2025,1150 - OPERATING CASH IN BANK,,3.00,Clear Lake Palms
06/04/2025,1150 - OPERATING CASH IN BANK,,10.50,Buena Vista
06/04/2025,1150 - OPERATING CASH IN BANK,,4.50,Buena Vista
06/04/2025,1150 - OPERATING CASH IN BANK,,"1,800.00",Buena Vista
06/04/2025,1150 - OPERATING CASH IN BANK,,104.00,Buena Vista
06/04/2025,1150 - OPERATING CASH IN BANK,,9.50,Clear Lake Palms
06/04/2025,1150 - OPERATING CASH IN BANK,,3.00,Clear Lake Palms
06/04/2025,1150 - OPERATING CASH IN BANK,,"1,865.00",Clear Lake Palms
06/04/2025,1150 - OPERATING CASH IN BANK,,9.50,Laguna Place
06/04/2025,1150 - OPERATING CASH IN BANK,,3.00,Laguna Place
06/04/2025,1150 - OPERATING CASH IN BANK,,"1,675.00",Laguna Place
06/04/2025,1150 - OPERATING CASH IN BANK,,45.00,Laguna Place
06/04/2025,1150 - OPERATING CASH IN BANK,351.69,,The Standard at 2690
06/04/2025,1150 - OPERATING CASH IN BANK,231.37,,Parc Place Villas
06/04/2025,1150 - OPERATING CASH IN BANK,219.03,,Lakeside Condominiums
06/04/2025,1150 - OPERATING CASH IN BANK,215.95,,Castle Creek Apartments
06/04/2025,1150 - OPERATING CASH IN BANK,212.86,,Infinity Magnolia LLC
06/04/2025,1150 - OPERATING CASH IN BANK,202.84,,Clear Lake Palms
06/04/2025,1150 - OPERATING CASH IN BANK,185.10,,Buena Vista
06/04/2025,1150 - OPERATING CASH IN BANK,174.30,,Azure Villas
06/04/2025,1150 - OPERATING CASH IN BANK,166.59,,Laguna Place
06/04/2025,1150 - OPERATING CASH IN BANK,158.11,,"Infinity Reserve at Waters, LLC"
06/04/2025,1150 - OPERATING CASH IN BANK,156.56,,South Bay Plantation
06/04/2025,1150 - OPERATING CASH IN BANK,154.25,,University Townhomes
06/04/2025,1150 - OPERATING CASH IN BANK,138.82,,Grove at Temple Terrace
06/04/2025,1150 - OPERATING CASH IN BANK,124.94,,Luna At Hollywood
06/04/2025,1150 - OPERATING CASH IN BANK,122.63,,Infinity Las Casitas Apartments LLC
06/04/2025,1150 - OPERATING CASH IN BANK,102.58,,Roselea Manor Apartments
06/04/2025,1150 - OPERATING CASH IN BANK,86.38,,"Infinity Magnolia 2, LLC"
06/04/2025,1150 - OPERATING CASH IN BANK,61.70,,Midway Manor Apartments
06/04/2025,1150 - OPERATING CASH IN BANK,58.61,,Royal Manor
06/04/2025,1150 - OPERATING CASH IN BANK,55.53,,Woodridge Manor
06/04/2025,1150 - OPERATING CASH IN BANK,17.74,,Infinity Gardens Apartments LLC
06/04/2025,1150 - OPERATING CASH IN BANK,16.20,,The Oaks Apartments
06/04/2025,1150 - OPERATING CASH IN BANK,10.80,,Collins Shopping Plaza
06/04/2025,1150 - OPERATING CASH IN BANK,4.63,,"Infinity Harding, LLC"
06/04/2025,1150 - OPERATING CASH IN BANK,3.09,,Zuli Shopping Plaza
06/04/2025,1150 - OPERATING CASH IN BANK,3.08,,"Infinity Highland Oaks, LLC"
06/04/2025,1150 - OPERATING CASH IN BANK,2.31,,"INFINITY ALABAMA, LLC"
06/04/2025,1150 - OPERATING CASH IN BANK,0.77,,LAND WINTERSET
06/04/2025,1150 - OPERATING CASH IN BANK,0.77,,INFINITY MAJESTIC PH LLC
06/04/2025,1150 - OPERATING CASH IN BANK,0.77,,Infinity Normans LLC
06/04/2025,1150 - OPERATING CASH IN BANK,,9.50,Lakeside Condominiums
06/04/2025,1150 - OPERATING CASH IN BANK,,3.00,Lakeside Condominiums
06/04/2025,1150 - OPERATING CASH IN BANK,,"2,250.00",Lakeside Condominiums
06/04/2025,1150 - OPERATING CASH IN BANK,,10.50,Midway Manor Apartments
06/04/2025,1150 - OPERATING CASH IN BANK,,4.50,Midway Manor Apartments
06/04/2025,1150 - OPERATING CASH IN BANK,,"1,100.00",Midway Manor Apartments
06/04/2025,1150 - OPERATING CASH IN BANK,,50.00,Midway Manor Apartments
06/04/2025,1150 - OPERATING CASH IN BANK,,4.00,Midway Manor Apartments
06/04/2025,1150 - OPERATING CASH IN BANK,,50.00,Royal Manor
06/04/2025,1150 - OPERATING CASH IN BANK,,4.00,Royal Manor
06/04/2025,1150 - OPERATING CASH IN BANK,,10.50,Royal Manor
06/04/2025,1150 - OPERATING CASH IN BANK,,4.50,Royal Manor
06/04/2025,1150 - OPERATING CASH IN BANK,,245.00,Royal Manor
06/04/2025,1150 - OPERATING CASH IN BANK,"1,187.90",,Grove at Temple Terrace
06/04/2025,1150 - OPERATING CASH IN BANK,,12.50,Lakeside Condominiums
06/04/2025,1150 - OPERATING CASH IN BANK,,9.50,Lakeside Condominiums
06/04/2025,1150 - OPERATING CASH IN BANK,,3.00,Lakeside Condominiums
06/04/2025,1150 - OPERATING CASH IN BANK,,"2,224.50",Lakeside Condominiums
06/04/2025,1150 - OPERATING CASH IN BANK,,10.50,University Townhomes
06/04/2025,1150 - OPERATING CASH IN BANK,,4.50,University Townhomes
06/04/2025,1150 - OPERATING CASH IN BANK,,"1,200.00",University Townhomes
06/04/2025,1150 - OPERATING CASH IN BANK,,9.50,Lakeside Condominiums
06/04/2025,1150 - OPERATING CASH IN BANK,,3.00,Lakeside Condominiums
06/04/2025,1150 - OPERATING CASH IN BANK,,"1,650.00",Lakeside Condominiums
06/04/2025,1150 - OPERATING CASH IN BANK,,9.50,Lakeside Condominiums
06/04/2025,1150 - OPERATING CASH IN BANK,,3.00,Lakeside Condominiums
06/04/2025,1150 - OPERATING CASH IN BANK,,"1,900.00",Lakeside Condominiums
06/04/2025,1150 - OPERATING CASH IN BANK,,9.50,University Townhomes
06/04/2025,1150 - OPERATING CASH IN BANK,,3.00,University Townhomes
06/04/2025,1150 - OPERATING CASH IN BANK,,"1,450.00",University Townhomes
06/04/2025,1150 - OPERATING CASH IN BANK,,10.50,South Bay Plantation
06/04/2025,1150 - OPERATING CASH IN BANK,,4.50,South Bay Plantation
06/04/2025,1150 - OPERATING CASH IN BANK,,"1,900.00",South Bay Plantation
06/04/2025,1150 - OPERATING CASH IN BANK,,10.50,Castle Creek Apartments
06/04/2025,1150 - OPERATING CASH IN BANK,,4.50,Castle Creek Apartments
06/04/2025,1150 - OPERATING CASH IN BANK,,985.00,Castle Creek Apartments
06/04/2025,1150 - OPERATING CASH IN BANK,,415.00,Castle Creek Apartments
06/04/2025,1150 - OPERATING CASH IN BANK,,10.50,Infinity Magnolia LLC
06/04/2025,1150 - OPERATING CASH IN BANK,,"1,025.00",Infinity Magnolia LLC
06/04/2025,1150 - OPERATING CASH IN BANK,,4.50,Infinity Magnolia LLC
06/04/2025,1150 - OPERATING CASH IN BANK,,0.50,Parc Place Villas
06/04/2025,1150 - OPERATING CASH IN BANK,,0.50,Parc Place Villas
06/04/2025,1150 - OPERATING CASH IN BANK,,9.50,Parc Place Villas
06/04/2025,1150 - OPERATING CASH IN BANK,,3.00,Parc Place Villas
06/04/2025,1150 - OPERATING CASH IN BANK,,"1,383.50",Parc Place Villas
06/04/2025,1150 - OPERATING CASH IN BANK,,"1,750.00",Lakeside Condominiums
06/04/2025,1150 - OPERATING CASH IN BANK,,10.50,Lakeside Condominiums
06/04/2025,1150 - OPERATING CASH IN BANK,,4.50,Lakeside Condominiums
06/04/2025,1150 - OPERATING CASH IN BANK,,"1,075.00",Infinity Magnolia LLC
06/04/2025,1150 - OPERATING CASH IN BANK,,9.50,Infinity Magnolia LLC
06/04/2025,1150 - OPERATING CASH IN BANK,,3.00,Infinity Magnolia LLC
06/04/2025,1150 - OPERATING CASH IN BANK,,10.50,Castle Creek Apartments
06/04/2025,1150 - OPERATING CASH IN BANK,,4.50,Castle Creek Apartments
06/04/2025,1150 - OPERATING CASH IN BANK,,"1,250.00",Castle Creek Apartments
06/04/2025,1150 - OPERATING CASH IN BANK,,"1,296.00",The Standard at 2690
06/04/2025,1150 - OPERATING CASH IN BANK,,25.00,The Standard at 2690
06/04/2025,1150 - OPERATING CASH IN BANK,,2.00,The Standard at 2690
06/04/2025,1150 - OPERATING CASH IN BANK,,10.50,The Standard at 2690
06/04/2025,1150 - OPERATING CASH IN BANK,,4.50,The Standard at 2690
06/04/2025,1150 - OPERATING CASH IN BANK,,850.00,"Infinity Magnolia 2, LLC"
06/04/2025,1150 - OPERATING CASH IN BANK,,10.50,"Infinity Magnolia 2, LLC"
06/04/2025,1150 - OPERATING CASH IN BANK,,4.50,"Infinity Magnolia 2, LLC"
06/04/2025,1150 - OPERATING CASH IN BANK,,416.00,Castle Creek Apartments
06/04/2025,1150 - OPERATING CASH IN BANK,,9.50,Azure Villas
06/04/2025,1150 - OPERATING CASH IN BANK,,3.00,Azure Villas
06/04/2025,1150 - OPERATING CASH IN BANK,,987.50,Azure Villas
06/04/2025,1150 - OPERATING CASH IN BANK,,762.50,Azure Villas
06/04/2025,1150 - OPERATING CASH IN BANK,,85.00,Azure Villas
06/04/2025,1150 - OPERATING CASH IN BANK,,25.00,Azure Villas
06/04/2025,1150 - OPERATING CASH IN BANK,,9.50,University Townhomes
06/04/2025,1150 - OPERATING CASH IN BANK,,3.00,University Townhomes
06/04/2025,1150 - OPERATING CASH IN BANK,,487.50,University Townhomes
06/04/2025,1150 - OPERATING CASH IN BANK,,500.00,University Townhomes
06/04/2025,1150 - OPERATING CASH IN BANK,,9.50,Luna At Hollywood
06/04/2025,1150 - OPERATING CASH IN BANK,,3.00,Luna At Hollywood
06/04/2025,1150 - OPERATING CASH IN BANK,,"2,050.00",Luna At Hollywood
06/04/2025,1150 - OPERATING CASH IN BANK,,212.50,University Townhomes
06/04/2025,1150 - OPERATING CASH IN BANK,,2.50,University Townhomes
06/04/2025,1150 - OPERATING CASH IN BANK,,10.50,Infinity Magnolia LLC
06/04/2025,1150 - OPERATING CASH IN BANK,,900.00,Infinity Magnolia LLC
06/04/2025,1150 - OPERATING CASH IN BANK,,4.50,Infinity Magnolia LLC
06/04/2025,1150 - OPERATING CASH IN BANK,,9.50,Luna At Hollywood
06/04/2025,1150 - OPERATING CASH IN BANK,,3.00,Luna At Hollywood
06/04/2025,1150 - OPERATING CASH IN BANK,,"1,775.00",Luna At Hollywood
06/04/2025,1150 - OPERATING CASH IN BANK,,"1,224.00",Buena Vista
06/04/2025,1150 - OPERATING CASH IN BANK,,96.00,Buena Vista
06/04/2025,1150 - OPERATING CASH IN BANK,,10.50,Clear Lake Palms
06/04/2025,1150 - OPERATING CASH IN BANK,,4.50,Clear Lake Palms
06/04/2025,1150 - OPERATING CASH IN BANK,,"1,575.00",Clear Lake Palms
06/04/2025,1150 - OPERATING CASH IN BANK,,10.50,Parc Place Villas
06/04/2025,1150 - OPERATING CASH IN BANK,,4.50,Parc Place Villas
06/04/2025,1150 - OPERATING CASH IN BANK,,"1,200.00",Parc Place Villas
06/04/2025,1150 - OPERATING CASH IN BANK,,10.50,Buena Vista
06/04/2025,1150 - OPERATING CASH IN BANK,,4.50,Buena Vista
06/04/2025,1150 - OPERATING CASH IN BANK,,"1,600.00",Buena Vista
06/04/2025,1150 - OPERATING CASH IN BANK,,99.00,Buena Vista
06/04/2025,1150 - OPERATING CASH IN BANK,,9.50,Lakeside Condominiums
06/04/2025,1150 - OPERATING CASH IN BANK,,3.00,Lakeside Condominiums
06/04/2025,1150 - OPERATING CASH IN BANK,,"1,600.00",Lakeside Condominiums
06/04/2025,1150 - OPERATING CASH IN BANK,,9.50,Lakeside Condominiums
06/04/2025,1150 - OPERATING CASH IN BANK,,3.00,Lakeside Condominiums
06/04/2025,1150 - OPERATING CASH IN BANK,,"1,850.00",Lakeside Condominiums
06/04/2025,1150 - OPERATING CASH IN BANK,,10.50,South Bay Plantation
06/04/2025,1150 - OPERATING CASH IN BANK,,4.50,South Bay Plantation
06/04/2025,1150 - OPERATING CASH IN BANK,,"1,800.00",South Bay Plantation
06/04/2025,1150 - OPERATING CASH IN BANK,,355.00,Castle Creek Apartments
06/04/2025,1150 - OPERATING CASH IN BANK,,508.00,Castle Creek Apartments
06/04/2025,1150 - OPERATING CASH IN BANK,,2.00,Infinity Magnolia LLC
06/04/2025,1150 - OPERATING CASH IN BANK,,3.00,Infinity Magnolia LLC
06/04/2025,1150 - OPERATING CASH IN BANK,,900.00,Infinity Magnolia LLC
06/04/2025,1150 - OPERATING CASH IN BANK,,9.50,Infinity Magnolia LLC
06/04/2025,1150 - OPERATING CASH IN BANK,,0.50,Infinity Magnolia LLC
06/04/2025,1150 - OPERATING CASH IN BANK,,"2,038.83","Infinity Harding, LLC"
06/04/2025,1150 - OPERATING CASH IN BANK,,61.17,"Infinity Harding, LLC"
06/04/2025,1150 - OPERATING CASH IN BANK,,9.50,Parc Place Villas
06/04/2025,1150 - OPERATING CASH IN BANK,,3.00,Parc Place Villas
06/04/2025,1150 - OPERATING CASH IN BANK,,"1,535.00",Parc Place Villas
06/04/2025,1150 - OPERATING CASH IN BANK,,9.50,Laguna Place
06/04/2025,1150 - OPERATING CASH IN BANK,,3.00,Laguna Place
06/04/2025,1150 - OPERATING CASH IN BANK,,"1,885.00",Laguna Place
06/04/2025,1150 - OPERATING CASH IN BANK,,"1,074.50",Infinity Magnolia LLC
06/04/2025,1150 - OPERATING CASH IN BANK,,10.50,Infinity Magnolia LLC
06/04/2025,1150 - OPERATING CASH IN BANK,,4.50,Infinity Magnolia LLC
06/04/2025,1150 - OPERATING CASH IN BANK,,"1,306.67",South Bay Plantation
06/04/2025,1150 - OPERATING CASH IN BANK,,150.00,South Bay Plantation
06/04/2025,1150 - OPERATING CASH IN BANK,,35.00,South Bay Plantation
06/04/2025,1150 - OPERATING CASH IN BANK,,15.00,South Bay Plantation
06/04/2025,1150 - OPERATING CASH IN BANK,,9.50,Lakeside Condominiums
06/04/2025,1150 - OPERATING CASH IN BANK,,3.00,Lakeside Condominiums
06/04/2025,1150 - OPERATING CASH IN BANK,,"1,900.00",Lakeside Condominiums
06/04/2025,1150 - OPERATING CASH IN BANK,,"1,450.00",The Standard at 2690
06/04/2025,1150 - OPERATING CASH IN BANK,,2.00,The Standard at 2690
06/04/2025,1150 - OPERATING CASH IN BANK,,9.50,The Standard at 2690
06/04/2025,1150 - OPERATING CASH IN BANK,,3.00,The Standard at 2690
06/04/2025,1150 - OPERATING CASH IN BANK,,25.00,The Standard at 2690
06/04/2025,1150 - OPERATING CASH IN BANK,,9.50,Laguna Place
06/04/2025,1150 - OPERATING CASH IN BANK,,3.00,Laguna Place
06/04/2025,1150 - OPERATING CASH IN BANK,,"1,885.00",Laguna Place
06/04/2025,1150 - OPERATING CASH IN BANK,,40.00,Midway Manor Apartments
06/04/2025,1150 - OPERATING CASH IN BANK,,4.00,Midway Manor Apartments
06/04/2025,1150 - OPERATING CASH IN BANK,,10.50,Midway Manor Apartments
06/04/2025,1150 - OPERATING CASH IN BANK,,4.50,Midway Manor Apartments
06/04/2025,1150 - OPERATING CASH IN BANK,,"1,036.00",Midway Manor Apartments
06/04/2025,1150 - OPERATING CASH IN BANK,,10.50,The Standard at 2690
06/04/2025,1150 - OPERATING CASH IN BANK,,4.50,The Standard at 2690
06/04/2025,1150 - OPERATING CASH IN BANK,,685.00,The Standard at 2690
06/04/2025,1150 - OPERATING CASH IN BANK,,9.50,Lakeside Condominiums
06/04/2025,1150 - OPERATING CASH IN BANK,,3.00,Lakeside Condominiums
06/04/2025,1150 - OPERATING CASH IN BANK,,"2,250.00",Lakeside Condominiums
06/04/2025,1150 - OPERATING CASH IN BANK,,200.00,Lakeside Condominiums
06/04/2025,1150 - OPERATING CASH IN BANK,,500.00,The Standard at 2690
06/04/2025,1150 - OPERATING CASH IN BANK,,190.00,The Standard at 2690
06/04/2025,1150 - OPERATING CASH IN BANK,,2.00,The Standard at 2690
06/04/2025,1150 - OPERATING CASH IN BANK,,25.00,The Standard at 2690
06/04/2025,1150 - OPERATING CASH IN BANK,,9.50,Lakeside Condominiums
06/04/2025,1150 - OPERATING CASH IN BANK,,3.00,Lakeside Condominiums
06/04/2025,1150 - OPERATING CASH IN BANK,,"1,900.00",Lakeside Condominiums
06/04/2025,1150 - OPERATING CASH IN BANK,,4.01,Roselea Manor Apartments
06/04/2025,1150 - OPERATING CASH IN BANK,,4.50,Roselea Manor Apartments
06/04/2025,1150 - OPERATING CASH IN BANK,,"1,650.00",Roselea Manor Apartments
06/04/2025,1150 - OPERATING CASH IN BANK,,6.49,Roselea Manor Apartments
06/04/2025,1150 - OPERATING CASH IN BANK,,75.00,Grove at Temple Terrace
06/04/2025,1150 - OPERATING CASH IN BANK,,10.50,Parc Place Villas
06/04/2025,1150 - OPERATING CASH IN BANK,,4.50,Parc Place Villas
06/04/2025,1150 - OPERATING CASH IN BANK,,485.00,Parc Place Villas
06/04/2025,1150 - OPERATING CASH IN BANK,,500.00,Parc Place Villas
06/04/2025,1150 - OPERATING CASH IN BANK,,400.00,Parc Place Villas
06/04/2025,1150 - OPERATING CASH IN BANK,,35.00,Parc Place Villas
06/04/2025,1150 - OPERATING CASH IN BANK,,10.50,South Bay Plantation
06/04/2025,1150 - OPERATING CASH IN BANK,,4.50,South Bay Plantation
06/04/2025,1150 - OPERATING CASH IN BANK,,"1,700.00",South Bay Plantation
06/04/2025,1150 - OPERATING CASH IN BANK,,"1,585.00",Laguna Place
06/04/2025,1150 - OPERATING CASH IN BANK,,9.50,Laguna Place
06/04/2025,1150 - OPERATING CASH IN BANK,,3.00,Laguna Place
06/04/2025,1150 - OPERATING CASH IN BANK,,9.50,University Townhomes
06/04/2025,1150 - OPERATING CASH IN BANK,,3.00,University Townhomes
06/04/2025,1150 - OPERATING CASH IN BANK,,"1,200.00",University Townhomes
06/04/2025,1150 - OPERATING CASH IN BANK,,"1,075.00",Infinity Magnolia LLC
06/04/2025,1150 - OPERATING CASH IN BANK,,9.50,Infinity Magnolia LLC
06/04/2025,1150 - OPERATING CASH IN BANK,,3.00,Infinity Magnolia LLC
06/04/2025,1150 - OPERATING CASH IN BANK,,3.00,Infinity Magnolia LLC
06/04/2025,1150 - OPERATING CASH IN BANK,,9.50,Infinity Magnolia LLC
06/04/2025,1150 - OPERATING CASH IN BANK,,"1,075.00",Infinity Magnolia LLC
06/04/2025,1150 - OPERATING CASH IN BANK,,"1,000.00",Buena Vista
06/04/2025,1150 - OPERATING CASH IN BANK,,"1,085.00",Castle Creek Apartments
06/04/2025,1150 - OPERATING CASH IN BANK,,10.50,Castle Creek Apartments
06/04/2025,1150 - OPERATING CASH IN BANK,,4.50,Castle Creek Apartments
06/04/2025,1150 - OPERATING CASH IN BANK,,15.00,Castle Creek Apartments
06/04/2025,1150 - OPERATING CASH IN BANK,,873.00,Buena Vista
06/04/2025,1150 - OPERATING CASH IN BANK,,104.00,Buena Vista
06/04/2025,1150 - OPERATING CASH IN BANK,,10.50,Buena Vista
06/04/2025,1150 - OPERATING CASH IN BANK,,4.50,Buena Vista
06/04/2025,1150 - OPERATING CASH IN BANK,,2.00,Buena Vista
06/04/2025,1150 - OPERATING CASH IN BANK,,3.00,University Townhomes
06/04/2025,1150 - OPERATING CASH IN BANK,,9.50,University Townhomes
06/04/2025,1150 - OPERATING CASH IN BANK,,"1,200.00",University Townhomes
06/04/2025,1150 - OPERATING CASH IN BANK,,10.50,University Townhomes
06/04/2025,1150 - OPERATING CASH IN BANK,,"1,125.00",University Townhomes
06/04/2025,1150 - OPERATING CASH IN BANK,,4.50,University Townhomes
06/04/2025,1150 - OPERATING CASH IN BANK,,"1,226.41",Parc Place Villas
06/04/2025,1150 - OPERATING CASH IN BANK,,9.50,Azure Villas
06/04/2025,1150 - OPERATING CASH IN BANK,,3.00,Azure Villas
06/04/2025,1150 - OPERATING CASH IN BANK,,65.00,Azure Villas
06/04/2025,1150 - OPERATING CASH IN BANK,,25.00,Azure Villas
06/04/2025,1150 - OPERATING CASH IN BANK,,897.50,Azure Villas
06/04/2025,1150 - OPERATING CASH IN BANK,,627.50,Azure Villas
06/04/2025,1150 - OPERATING CASH IN BANK,,2.50,Azure Villas
06/04/2025,1150 - OPERATING CASH IN BANK,,10.50,Woodridge Manor
06/04/2025,1150 - OPERATING CASH IN BANK,,4.50,Woodridge Manor
06/04/2025,1150 - OPERATING CASH IN BANK,,"1,500.00",Woodridge Manor
06/04/2025,1150 - OPERATING CASH IN BANK,,33.00,Woodridge Manor
06/04/2025,1150 - OPERATING CASH IN BANK,,400.00,Clear Lake Palms
06/04/2025,1150 - OPERATING CASH IN BANK,,"1,146.00",Buena Vista
06/04/2025,1150 - OPERATING CASH IN BANK,,94.00,Buena Vista
06/04/2025,1150 - OPERATING CASH IN BANK,,10.50,Buena Vista
06/04/2025,1150 - OPERATING CASH IN BANK,,4.50,Buena Vista
06/04/2025,1150 - OPERATING CASH IN BANK,,"1,750.00",Azure Villas
06/04/2025,1150 - OPERATING CASH IN BANK,,9.50,Azure Villas
06/04/2025,1150 - OPERATING CASH IN BANK,,3.00,Azure Villas
06/04/2025,1150 - OPERATING CASH IN BANK,,85.00,Azure Villas
06/04/2025,1150 - OPERATING CASH IN BANK,,25.00,Azure Villas
06/04/2025,1150 - OPERATING CASH IN BANK,,80.00,Clear Lake Palms
06/04/2025,1150 - OPERATING CASH IN BANK,,10.50,Clear Lake Palms
06/04/2025,1150 - OPERATING CASH IN BANK,,4.50,Clear Lake Palms
06/04/2025,1150 - OPERATING CASH IN BANK,,405.00,Clear Lake Palms
06/04/2025,1150 - OPERATING CASH IN BANK,,500.00,Clear Lake Palms
06/04/2025,1150 - OPERATING CASH IN BANK,,9.50,Lakeside Condominiums
06/04/2025,1150 - OPERATING CASH IN BANK,,3.00,Lakeside Condominiums
06/04/2025,1150 - OPERATING CASH IN BANK,,"1,750.00",Lakeside Condominiums
06/04/2025,1150 - OPERATING CASH IN BANK,,500.00,Clear Lake Palms
06/04/2025,1150 - OPERATING CASH IN BANK,122.85,,Lakeside Condominiums
06/04/2025,1150 - OPERATING CASH IN BANK,97.41,,Azure Villas
06/04/2025,1150 - OPERATING CASH IN BANK,87.51,,South Bay Plantation
06/04/2025,1150 - OPERATING CASH IN BANK,69.83,,Luna At Hollywood
06/04/2025,1150 - OPERATING CASH IN BANK,9.05,,The Oaks Apartments
06/04/2025,1150 - OPERATING CASH IN BANK,6.03,,Collins Shopping Plaza
06/04/2025,1150 - OPERATING CASH IN BANK,2.59,,"Infinity Harding, LLC"
06/04/2025,1150 - OPERATING CASH IN BANK,1.72,,"Infinity Highland Oaks, LLC"
06/04/2025,1150 - OPERATING CASH IN BANK,1.72,,Zuli Shopping Plaza
06/04/2025,1150 - OPERATING CASH IN BANK,0.86,,INFINITY MAJESTIC PH LLC
06/04/2025,1150 - OPERATING CASH IN BANK,0.43,,Infinity Normans LLC
06/04/2025,1150 - OPERATING CASH IN BANK,,300.00,Clear Lake Palms
06/04/2025,1150 - OPERATING CASH IN BANK,,9.50,Clear Lake Palms
06/04/2025,1150 - OPERATING CASH IN BANK,,3.00,Clear Lake Palms
06/04/2025,1150 - OPERATING CASH IN BANK,,"1,575.00",Clear Lake Palms
06/04/2025,1150 - OPERATING CASH IN BANK,,160.00,Clear Lake Palms
06/04/2025,1150 - OPERATING CASH IN BANK,,10.50,Clear Lake Palms
06/04/2025,1150 - OPERATING CASH IN BANK,,206.50,Clear Lake Palms
06/04/2025,1150 - OPERATING CASH IN BANK,,"1,000.00",Buena Vista
06/04/2025,1150 - OPERATING CASH IN BANK,,10.50,Clear Lake Palms
06/04/2025,1150 - OPERATING CASH IN BANK,,4.50,Clear Lake Palms
06/04/2025,1150 - OPERATING CASH IN BANK,,150.00,Buena Vista
06/04/2025,1150 - OPERATING CASH IN BANK,,96.00,Buena Vista
06/04/2025,1150 - OPERATING CASH IN BANK,,10.50,Buena Vista
06/04/2025,1150 - OPERATING CASH IN BANK,,4.50,Buena Vista
06/04/2025,1150 - OPERATING CASH IN BANK,,7.00,Laguna Place
06/04/2025,1150 - OPERATING CASH IN BANK,,3.00,Laguna Place
06/04/2025,1150 - OPERATING CASH IN BANK,,45.00,Laguna Place
06/04/2025,1150 - OPERATING CASH IN BANK,,"1,840.00",Laguna Place
06/04/2025,1150 - OPERATING CASH IN BANK,,3.00,Infinity Magnolia LLC
06/04/2025,1150 - OPERATING CASH IN BANK,,10.50,Infinity Magnolia LLC
06/04/2025,1150 - OPERATING CASH IN BANK,,900.00,Infinity Magnolia LLC
06/04/2025,1150 - OPERATING CASH IN BANK,,"1,075.00",Infinity Magnolia LLC
06/04/2025,1150 - OPERATING CASH IN BANK,,10.50,Infinity Magnolia LLC
06/04/2025,1150 - OPERATING CASH IN BANK,,4.50,Infinity Magnolia LLC
06/04/2025,1150 - OPERATING CASH IN BANK,,10.50,The Standard at 2690
06/04/2025,1150 - OPERATING CASH IN BANK,,4.50,The Standard at 2690
06/04/2025,1150 - OPERATING CASH IN BANK,,2.00,The Standard at 2690
06/04/2025,1150 - OPERATING CASH IN BANK,,"1,300.00",The Standard at 2690
06/04/2025,1150 - OPERATING CASH IN BANK,,25.00,The Standard at 2690
06/04/2025,1150 - OPERATING CASH IN BANK,,500.00,Clear Lake Palms
06/04/2025,1150 - OPERATING CASH IN BANK,,10.50,Castle Creek Apartments
06/04/2025,1150 - OPERATING CASH IN BANK,,4.50,Castle Creek Apartments
06/04/2025,1150 - OPERATING CASH IN BANK,,"1,400.00",Castle Creek Apartments
06/04/2025,1150 - OPERATING CASH IN BANK,,500.00,Clear Lake Palms
06/04/2025,1150 - OPERATING CASH IN BANK,,500.00,Clear Lake Palms
06/04/2025,1150 - OPERATING CASH IN BANK,,9.50,Laguna Place
06/04/2025,1150 - OPERATING CASH IN BANK,,3.00,Laguna Place
06/04/2025,1150 - OPERATING CASH IN BANK,,"1,885.00",Laguna Place
06/04/2025,1150 - OPERATING CASH IN BANK,,365.00,Clear Lake Palms
06/04/2025,1150 - OPERATING CASH IN BANK,,10.50,Clear Lake Palms
06/04/2025,1150 - OPERATING CASH IN BANK,,4.50,Clear Lake Palms
06/04/2025,1150 - OPERATING CASH IN BANK,,10.50,South Bay Plantation
06/04/2025,1150 - OPERATING CASH IN BANK,,4.50,South Bay Plantation
06/04/2025,1150 - OPERATING CASH IN BANK,,"1,700.00",South Bay Plantation
06/04/2025,1150 - OPERATING CASH IN BANK,,9.50,Clear Lake Palms
06/04/2025,1150 - OPERATING CASH IN BANK,,3.00,Clear Lake Palms
06/04/2025,1150 - OPERATING CASH IN BANK,,487.50,Clear Lake Palms
06/04/2025,1150 - OPERATING CASH IN BANK,,500.00,Clear Lake Palms
06/04/2025,1150 - OPERATING CASH IN BANK,,9.50,Lakeside Condominiums
06/04/2025,1150 - OPERATING CASH IN BANK,,3.00,Lakeside Condominiums
06/04/2025,1150 - OPERATING CASH IN BANK,,"2,250.00",Lakeside Condominiums
06/04/2025,1150 - OPERATING CASH IN BANK,,45.00,Laguna Place
06/04/2025,1150 - OPERATING CASH IN BANK,,9.50,Laguna Place
06/04/2025,1150 - OPERATING CASH IN BANK,,3.00,Laguna Place
06/04/2025,1150 - OPERATING CASH IN BANK,,"1,675.00",Laguna Place
06/04/2025,1150 - OPERATING CASH IN BANK,,500.00,Clear Lake Palms
06/04/2025,1150 - OPERATING CASH IN BANK,,10.50,Grove at Temple Terrace
06/04/2025,1150 - OPERATING CASH IN BANK,,4.50,Grove at Temple Terrace
06/04/2025,1150 - OPERATING CASH IN BANK,,"1,474.50",Grove at Temple Terrace
06/04/2025,1150 - OPERATING CASH IN BANK,,35.00,Grove at Temple Terrace
06/04/2025,1150 - OPERATING CASH IN BANK,,9.50,Parc Place Villas
06/04/2025,1150 - OPERATING CASH IN BANK,,3.00,Parc Place Villas
06/04/2025,1150 - OPERATING CASH IN BANK,,"1,450.00",Parc Place Villas
06/04/2025,1150 - OPERATING CASH IN BANK,,9.50,Luna At Hollywood
06/04/2025,1150 - OPERATING CASH IN BANK,,3.00,Luna At Hollywood
06/04/2025,1150 - OPERATING CASH IN BANK,,"2,275.00",Luna At Hollywood
06/04/2025,1150 - OPERATING CASH IN BANK,,377.50,Clear Lake Palms
06/04/2025,1150 - OPERATING CASH IN BANK,,10.50,Infinity Magnolia LLC
06/04/2025,1150 - OPERATING CASH IN BANK,,4.50,Infinity Magnolia LLC
06/04/2025,1150 - OPERATING CASH IN BANK,,850.00,Infinity Magnolia LLC
06/04/2025,1150 - OPERATING CASH IN BANK,,"2,448.82",Laguna Place
06/04/2025,1150 - OPERATING CASH IN BANK,302.77,,Infinity Gardens Apartments LLC
06/04/2025,1150 - OPERATING CASH IN BANK,,1.26,Clear Lake Palms
06/04/2025,1150 - OPERATING CASH IN BANK,,9.50,Clear Lake Palms
06/04/2025,1150 - OPERATING CASH IN BANK,,3.00,Clear Lake Palms
06/04/2025,1150 - OPERATING CASH IN BANK,,153.00,Clear Lake Palms
06/04/2025,1150 - OPERATING CASH IN BANK,,9.50,Clear Lake Palms
06/04/2025,1150 - OPERATING CASH IN BANK,,3.00,Clear Lake Palms
06/04/2025,1150 - OPERATING CASH IN BANK,,6.67,Clear Lake Palms
06/04/2025,1150 - OPERATING CASH IN BANK,,3.00,"Infinity Reserve at Waters, LLC"
06/04/2025,1150 - OPERATING CASH IN BANK,,9.50,"Infinity Reserve at Waters, LLC"
06/04/2025,1150 - OPERATING CASH IN BANK,,"1,250.00","Infinity Reserve at Waters, LLC"
06/04/2025,1150 - OPERATING CASH IN BANK,,10.50,Buena Vista
06/04/2025,1150 - OPERATING CASH IN BANK,,4.50,Buena Vista
06/04/2025,1150 - OPERATING CASH IN BANK,,"1,550.00",Buena Vista
06/04/2025,1150 - OPERATING CASH IN BANK,,99.00,Buena Vista
06/04/2025,1150 - OPERATING CASH IN BANK,,50.00,Buena Vista
06/04/2025,1150 - OPERATING CASH IN BANK,,10.50,Roselea Manor Apartments
06/04/2025,1150 - OPERATING CASH IN BANK,,4.50,Roselea Manor Apartments
06/04/2025,1150 - OPERATING CASH IN BANK,,"1,150.00",Roselea Manor Apartments
06/04/2025,1150 - OPERATING CASH IN BANK,,10.50,Clear Lake Palms
06/04/2025,1150 - OPERATING CASH IN BANK,,4.50,Clear Lake Palms
06/04/2025,1150 - OPERATING CASH IN BANK,,"1,775.00",Clear Lake Palms
06/04/2025,1150 - OPERATING CASH IN BANK,,"2,050.00",Luna At Hollywood
06/04/2025,1150 - OPERATING CASH IN BANK,,9.50,Luna At Hollywood
06/04/2025,1150 - OPERATING CASH IN BANK,,3.00,Luna At Hollywood
06/04/2025,1150 - OPERATING CASH IN BANK,,85.00,Lakeside Condominiums
06/04/2025,1150 - OPERATING CASH IN BANK,,10.50,Lakeside Condominiums
06/04/2025,1150 - OPERATING CASH IN BANK,,4.50,Lakeside Condominiums
06/04/2025,1150 - OPERATING CASH IN BANK,,"1,800.00",Lakeside Condominiums
06/04/2025,1150 - OPERATING CASH IN BANK,,10.50,Laguna Place
06/04/2025,1150 - OPERATING CASH IN BANK,,4.50,Laguna Place
06/04/2025,1150 - OPERATING CASH IN BANK,,"1,615.00",Laguna Place
06/04/2025,1150 - OPERATING CASH IN BANK,,10.50,Laguna Place
06/04/2025,1150 - OPERATING CASH IN BANK,,4.50,Laguna Place
06/04/2025,1150 - OPERATING CASH IN BANK,,"1,201.57",Laguna Place
06/04/2025,1150 - OPERATING CASH IN BANK,,283.43,Laguna Place
06/04/2025,1150 - OPERATING CASH IN BANK,,10.50,Laguna Place
06/04/2025,1150 - OPERATING CASH IN BANK,,4.50,Laguna Place
06/04/2025,1150 - OPERATING CASH IN BANK,,918.14,Laguna Place
06/04/2025,1150 - OPERATING CASH IN BANK,,10.50,Infinity Magnolia LLC
06/04/2025,1150 - OPERATING CASH IN BANK,,4.50,Infinity Magnolia LLC
06/04/2025,1150 - OPERATING CASH IN BANK,,"1,300.00",Infinity Magnolia LLC
06/04/2025,1150 - OPERATING CASH IN BANK,,10.50,Lakeside Condominiums
06/04/2025,1150 - OPERATING CASH IN BANK,,4.50,Lakeside Condominiums
06/04/2025,1150 - OPERATING CASH IN BANK,,"1,825.00",Lakeside Condominiums
06/04/2025,1150 - OPERATING CASH IN BANK,,10.50,Infinity Las Casitas Apartments LLC
06/04/2025,1150 - OPERATING CASH IN BANK,,4.50,Infinity Las Casitas Apartments LLC
06/04/2025,1150 - OPERATING CASH IN BANK,,"1,300.00",Infinity Las Casitas Apartments LLC
06/04/2025,1150 - OPERATING CASH IN BANK,,85.00,Infinity Las Casitas Apartments LLC
06/04/2025,1150 - OPERATING CASH IN BANK,,"1,275.00",The Standard at 2690
06/04/2025,1150 - OPERATING CASH IN BANK,,2.00,The Standard at 2690
06/04/2025,1150 - OPERATING CASH IN BANK,,10.50,The Standard at 2690
06/04/2025,1150 - OPERATING CASH IN BANK,,4.50,The Standard at 2690
06/04/2025,1150 - OPERATING CASH IN BANK,,25.00,The Standard at 2690
06/04/2025,1150 - OPERATING CASH IN BANK,,10.50,Lakeside Condominiums
06/04/2025,1150 - OPERATING CASH IN BANK,,4.50,Lakeside Condominiums
06/04/2025,1150 - OPERATING CASH IN BANK,,"1,750.00",Lakeside Condominiums
06/04/2025,1150 - OPERATING CASH IN BANK,,"1,000.00",The Standard at 2690
06/04/2025,1150 - OPERATING CASH IN BANK,,"1,450.00",The Standard at 2690
06/04/2025,1150 - OPERATING CASH IN BANK,,2.00,The Standard at 2690
06/04/2025,1150 - OPERATING CASH IN BANK,,10.50,The Standard at 2690
06/04/2025,1150 - OPERATING CASH IN BANK,,4.50,The Standard at 2690
06/04/2025,1150 - OPERATING CASH IN BANK,,25.00,The Standard at 2690
06/04/2025,1150 - OPERATING CASH IN BANK,,875.00,The Standard at 2690
06/04/2025,1150 - OPERATING CASH IN BANK,,2.00,The Standard at 2690
06/04/2025,1150 - OPERATING CASH IN BANK,,10.50,The Standard at 2690
06/04/2025,1150 - OPERATING CASH IN BANK,,4.50,The Standard at 2690
06/04/2025,1150 - OPERATING CASH IN BANK,,25.00,The Standard at 2690
06/04/2025,1150 - OPERATING CASH IN BANK,,9.50,"Infinity Reserve at Waters, LLC"
06/04/2025,1150 - OPERATING CASH IN BANK,,3.00,"Infinity Reserve at Waters, LLC"
06/04/2025,1150 - OPERATING CASH IN BANK,,"1,175.00","Infinity Reserve at Waters, LLC"
06/04/2025,1150 - OPERATING CASH IN BANK,,959.00,Azure Villas
06/04/2025,1150 - OPERATING CASH IN BANK,,65.00,Azure Villas
06/04/2025,1150 - OPERATING CASH IN BANK,,25.00,Azure Villas
06/04/2025,1150 - OPERATING CASH IN BANK,,10.50,Azure Villas
06/04/2025,1150 - OPERATING CASH IN BANK,,4.50,Azure Villas
06/04/2025,1150 - OPERATING CASH IN BANK,,10.50,"Infinity Reserve at Waters, LLC"
06/04/2025,1150 - OPERATING CASH IN BANK,,4.50,"Infinity Reserve at Waters, LLC"
06/04/2025,1150 - OPERATING CASH IN BANK,,"1,050.00","Infinity Reserve at Waters, LLC"
06/04/2025,1150 - OPERATING CASH IN BANK,,37.50,Azure Villas
06/04/2025,1150 - OPERATING CASH IN BANK,,500.00,Azure Villas
06/04/2025,1150 - OPERATING CASH IN BANK,,30.00,South Bay Plantation
06/04/2025,1150 - OPERATING CASH IN BANK,,35.00,South Bay Plantation
06/04/2025,1150 - OPERATING CASH IN BANK,,10.50,South Bay Plantation
06/04/2025,1150 - OPERATING CASH IN BANK,,4.50,South Bay Plantation
06/04/2025,1150 - OPERATING CASH IN BANK,,"2,070.00",South Bay Plantation
06/04/2025,1150 - OPERATING CASH IN BANK,,"1,150.00",Roselea Manor Apartments
06/04/2025,1150 - OPERATING CASH IN BANK,,10.50,Roselea Manor Apartments
06/04/2025,1150 - OPERATING CASH IN BANK,,4.50,Roselea Manor Apartments
06/04/2025,1150 - OPERATING CASH IN BANK,,500.00,Azure Villas
06/04/2025,1150 - OPERATING CASH IN BANK,,397.50,Azure Villas
06/04/2025,1150 - OPERATING CASH IN BANK,,9.50,Azure Villas
06/04/2025,1150 - OPERATING CASH IN BANK,,3.00,Azure Villas
06/04/2025,1150 - OPERATING CASH IN BANK,,65.00,Azure Villas
06/04/2025,1150 - OPERATING CASH IN BANK,,25.00,Azure Villas
06/04/2025,1150 - OPERATING CASH IN BANK,,"1,025.00",Infinity Magnolia LLC
06/04/2025,1150 - OPERATING CASH IN BANK,,10.50,Infinity Magnolia LLC
06/04/2025,1150 - OPERATING CASH IN BANK,,4.50,Infinity Magnolia LLC
06/04/2025,1150 - OPERATING CASH IN BANK,,7.50,Castle Creek Apartments
06/04/2025,1150 - OPERATING CASH IN BANK,,4.50,Castle Creek Apartments
06/04/2025,1150 - OPERATING CASH IN BANK,,3.00,Castle Creek Apartments
06/04/2025,1150 - OPERATING CASH IN BANK,,"1,250.00",Roselea Manor Apartments
06/04/2025,1150 - OPERATING CASH IN BANK,,10.50,Roselea Manor Apartments
06/04/2025,1150 - OPERATING CASH IN BANK,,4.50,Roselea Manor Apartments
06/04/2025,1150 - OPERATING CASH IN BANK,,9.50,Laguna Place
06/04/2025,1150 - OPERATING CASH IN BANK,,3.00,Laguna Place
06/04/2025,1150 - OPERATING CASH IN BANK,,"1,900.00",Laguna Place
06/04/2025,1150 - OPERATING CASH IN BANK,,9.50,Lakeside Condominiums
06/04/2025,1150 - OPERATING CASH IN BANK,,3.00,Lakeside Condominiums
06/04/2025,1150 - OPERATING CASH IN BANK,,"1,900.00",Lakeside Condominiums
06/04/2025,1150 - OPERATING CASH IN BANK,,10.50,South Bay Plantation
06/04/2025,1150 - OPERATING CASH IN BANK,,4.50,South Bay Plantation
06/04/2025,1150 - OPERATING CASH IN BANK,,"1,900.00",South Bay Plantation
06/04/2025,1150 - OPERATING CASH IN BANK,,35.00,South Bay Plantation
06/04/2025,1150 - OPERATING CASH IN BANK,,9.50,Clear Lake Palms
06/04/2025,1150 - OPERATING CASH IN BANK,,3.00,Clear Lake Palms
06/04/2025,1150 - OPERATING CASH IN BANK,,"2,075.00",Clear Lake Palms
06/04/2025,1150 - OPERATING CASH IN BANK,,10.50,Castle Creek Apartments
06/04/2025,1150 - OPERATING CASH IN BANK,,4.50,Castle Creek Apartments
06/04/2025,1150 - OPERATING CASH IN BANK,,"1,000.00",Castle Creek Apartments
06/04/2025,1150 - OPERATING CASH IN BANK,,9.50,Laguna Place
06/04/2025,1150 - OPERATING CASH IN BANK,,3.00,Laguna Place
06/04/2025,1150 - OPERATING CASH IN BANK,,"1,900.00",Laguna Place
06/04/2025,1150 - OPERATING CASH IN BANK,,"1,350.00",Castle Creek Apartments
06/04/2025,1150 - OPERATING CASH IN BANK,,10.50,Castle Creek Apartments
06/04/2025,1150 - OPERATING CASH IN BANK,,4.50,Castle Creek Apartments
06/04/2025,1150 - OPERATING CASH IN BANK,,"1,000.00",Buena Vista
06/04/2025,1150 - OPERATING CASH IN BANK,,800.00,Buena Vista
06/04/2025,1150 - OPERATING CASH IN BANK,,99.00,Buena Vista
06/04/2025,1150 - OPERATING CASH IN BANK,,10.50,Buena Vista
06/04/2025,1150 - OPERATING CASH IN BANK,,4.50,Buena Vista
06/04/2025,1150 - OPERATING CASH IN BANK,,"1,175.00","Infinity Reserve at Waters, LLC"
06/04/2025,1150 - OPERATING CASH IN BANK,,9.50,"Infinity Reserve at Waters, LLC"
06/04/2025,1150 - OPERATING CASH IN BANK,,3.00,"Infinity Reserve at Waters, LLC"
06/04/2025,1150 - OPERATING CASH IN BANK,,850.00,Infinity Magnolia LLC
06/04/2025,1150 - OPERATING CASH IN BANK,,10.50,Infinity Magnolia LLC
06/04/2025,1150 - OPERATING CASH IN BANK,,4.50,Infinity Magnolia LLC
06/04/2025,1150 - OPERATING CASH IN BANK,,"1,575.00",Clear Lake Palms
06/04/2025,1150 - OPERATING CASH IN BANK,,10.50,Clear Lake Palms
06/04/2025,1150 - OPERATING CASH IN BANK,,4.50,Clear Lake Palms
06/04/2025,1150 - OPERATING CASH IN BANK,,9.50,Parc Place Villas
06/04/2025,1150 - OPERATING CASH IN BANK,,3.00,Parc Place Villas
06/04/2025,1150 - OPERATING CASH IN BANK,,"1,450.00",Parc Place Villas
06/04/2025,1150 - OPERATING CASH IN BANK,,850.00,"Infinity Magnolia 2, LLC"
06/04/2025,1150 - OPERATING CASH IN BANK,,10.50,"Infinity Magnolia 2, LLC"
06/04/2025,1150 - OPERATING CASH IN BANK,,4.50,"Infinity Magnolia 2, LLC"
06/04/2025,1150 - OPERATING CASH IN BANK,,"2,075.00",Clear Lake Palms
06/04/2025,1150 - OPERATING CASH IN BANK,,10.50,Clear Lake Palms
06/04/2025,1150 - OPERATING CASH IN BANK,,4.50,Clear Lake Palms
06/04/2025,1150 - OPERATING CASH IN BANK,,"1,775.00",Clear Lake Palms
06/04/2025,1150 - OPERATING CASH IN BANK,,10.50,Clear Lake Palms
06/04/2025,1150 - OPERATING CASH IN BANK,,4.50,Clear Lake Palms
06/04/2025,1150 - OPERATING CASH IN BANK,,9.50,Laguna Place
06/04/2025,1150 - OPERATING CASH IN BANK,,3.00,Laguna Place
06/04/2025,1150 - OPERATING CASH IN BANK,,"1,487.50",Laguna Place
06/04/2025,1150 - OPERATING CASH IN BANK,,410.00,Laguna Place
06/04/2025,1150 - OPERATING CASH IN BANK,,"1,000.00",Castle Creek Apartments
06/04/2025,1150 - OPERATING CASH IN BANK,,10.50,Castle Creek Apartments
06/04/2025,1150 - OPERATING CASH IN BANK,,4.50,Castle Creek Apartments
06/04/2025,1150 - OPERATING CASH IN BANK,,10.50,South Bay Plantation
06/04/2025,1150 - OPERATING CASH IN BANK,,4.50,South Bay Plantation
06/04/2025,1150 - OPERATING CASH IN BANK,,"1,900.00",South Bay Plantation
06/04/2025,1150 - OPERATING CASH IN BANK,,10.50,Laguna Place
06/04/2025,1150 - OPERATING CASH IN BANK,,4.50,Laguna Place
06/04/2025,1150 - OPERATING CASH IN BANK,,"1,415.00",Laguna Place
06/04/2025,1150 - OPERATING CASH IN BANK,,"2,050.00",Luna At Hollywood
06/04/2025,1150 - OPERATING CASH IN BANK,,9.50,Luna At Hollywood
06/04/2025,1150 - OPERATING CASH IN BANK,,3.00,Luna At Hollywood
06/04/2025,1150 - OPERATING CASH IN BANK,,10.50,The Standard at 2690
06/04/2025,1150 - OPERATING CASH IN BANK,,4.50,The Standard at 2690
06/04/2025,1150 - OPERATING CASH IN BANK,,"1,375.00",The Standard at 2690
06/04/2025,1150 - OPERATING CASH IN BANK,,2.00,The Standard at 2690
06/04/2025,1150 - OPERATING CASH IN BANK,,25.00,The Standard at 2690
06/04/2025,1150 - OPERATING CASH IN BANK,,"2,150.00",South Bay Plantation
06/04/2025,1150 - OPERATING CASH IN BANK,,10.50,South Bay Plantation
06/04/2025,1150 - OPERATING CASH IN BANK,,4.50,South Bay Plantation
06/04/2025,1150 - OPERATING CASH IN BANK,,328.00,Royal Manor
06/04/2025,1150 - OPERATING CASH IN BANK,,9.50,Parc Place Villas
06/04/2025,1150 - OPERATING CASH IN BANK,,3.00,Parc Place Villas
06/04/2025,1150 - OPERATING CASH IN BANK,,214.00,Parc Place Villas
06/04/2025,1150 - OPERATING CASH IN BANK,,850.00,"Infinity Magnolia 2, LLC"
06/04/2025,1150 - OPERATING CASH IN BANK,,9.50,"Infinity Magnolia 2, LLC"
06/04/2025,1150 - OPERATING CASH IN BANK,,3.00,"Infinity Magnolia 2, LLC"
06/04/2025,1150 - OPERATING CASH IN BANK,,900.00,Infinity Magnolia LLC
06/04/2025,1150 - OPERATING CASH IN BANK,,10.50,Infinity Magnolia LLC
06/04/2025,1150 - OPERATING CASH IN BANK,,4.50,Infinity Magnolia LLC
06/04/2025,1150 - OPERATING CASH IN BANK,,753.00,Royal Manor
06/04/2025,1150 - OPERATING CASH IN BANK,,10.50,South Bay Plantation
06/04/2025,1150 - OPERATING CASH IN BANK,,4.50,South Bay Plantation
06/04/2025,1150 - OPERATING CASH IN BANK,,"2,150.00",South Bay Plantation
06/04/2025,1150 - OPERATING CASH IN BANK,,10.50,South Bay Plantation
06/04/2025,1150 - OPERATING CASH IN BANK,,4.50,South Bay Plantation
06/04/2025,1150 - OPERATING CASH IN BANK,,"1,900.00",South Bay Plantation
06/04/2025,1150 - OPERATING CASH IN BANK,,"1,446.00",Parc Place Villas
06/04/2025,1150 - OPERATING CASH IN BANK,,10.50,Parc Place Villas
06/04/2025,1150 - OPERATING CASH IN BANK,,4.50,Parc Place Villas
06/04/2025,1150 - OPERATING CASH IN BANK,,4.00,Parc Place Villas
06/04/2025,1150 - OPERATING CASH IN BANK,,"1,075.00",Luna At Hollywood
06/04/2025,1150 - OPERATING CASH IN BANK,,10.50,Luna At Hollywood
06/04/2025,1150 - OPERATING CASH IN BANK,,4.50,Luna At Hollywood
06/04/2025,1150 - OPERATING CASH IN BANK,,10.50,Infinity Las Casitas Apartments LLC
06/04/2025,1150 - OPERATING CASH IN BANK,,4.50,Infinity Las Casitas Apartments LLC
06/04/2025,1150 - OPERATING CASH IN BANK,,"1,500.00",Infinity Las Casitas Apartments LLC
06/04/2025,1150 - OPERATING CASH IN BANK,,9.50,Luna At Hollywood
06/04/2025,1150 - OPERATING CASH IN BANK,,3.00,Luna At Hollywood
06/04/2025,1150 - OPERATING CASH IN BANK,,"2,275.00",Luna At Hollywood
06/04/2025,1150 - OPERATING CASH IN BANK,,9.50,Azure Villas
06/04/2025,1150 - OPERATING CASH IN BANK,,3.00,Azure Villas
06/04/2025,1150 - OPERATING CASH IN BANK,,65.00,Azure Villas
06/04/2025,1150 - OPERATING CASH IN BANK,,25.00,Azure Villas
06/04/2025,1150 - OPERATING CASH IN BANK,,"1,500.00",Azure Villas
06/04/2025,1150 - OPERATING CASH IN BANK,,"1,700.00",South Bay Plantation
06/04/2025,1150 - OPERATING CASH IN BANK,,10.50,South Bay Plantation
06/04/2025,1150 - OPERATING CASH IN BANK,,4.50,South Bay Plantation
06/04/2025,1150 - OPERATING CASH IN BANK,,10.50,The Standard at 2690
06/04/2025,1150 - OPERATING CASH IN BANK,,4.50,The Standard at 2690
06/04/2025,1150 - OPERATING CASH IN BANK,,"1,525.00",The Standard at 2690
06/04/2025,1150 - OPERATING CASH IN BANK,,2.00,The Standard at 2690
06/04/2025,1150 - OPERATING CASH IN BANK,,25.00,The Standard at 2690
06/04/2025,1150 - OPERATING CASH IN BANK,,9.50,Parc Place Villas
06/04/2025,1150 - OPERATING CASH IN BANK,,3.00,Parc Place Villas
06/04/2025,1150 - OPERATING CASH IN BANK,,"1,450.00",Parc Place Villas
06/04/2025,1150 - OPERATING CASH IN BANK,,10.50,Laguna Place
06/04/2025,1150 - OPERATING CASH IN BANK,,4.50,Laguna Place
06/04/2025,1150 - OPERATING CASH IN BANK,,"1,885.00",Laguna Place
06/04/2025,1150 - OPERATING CASH IN BANK,,674.50,Grove at Temple Terrace
06/04/2025,1150 - OPERATING CASH IN BANK,,9.50,Lakeside Condominiums
06/04/2025,1150 - OPERATING CASH IN BANK,,3.00,Lakeside Condominiums
06/04/2025,1150 - OPERATING CASH IN BANK,,"1,900.00",Lakeside Condominiums
06/04/2025,1150 - OPERATING CASH IN BANK,,"1,240.00",Grove at Temple Terrace
06/04/2025,1150 - OPERATING CASH IN BANK,,10.50,Grove at Temple Terrace
06/04/2025,1150 - OPERATING CASH IN BANK,,4.50,Grove at Temple Terrace
06/04/2025,1150 - OPERATING CASH IN BANK,,10.50,Clear Lake Palms
06/04/2025,1150 - OPERATING CASH IN BANK,,4.50,Clear Lake Palms
06/04/2025,1150 - OPERATING CASH IN BANK,,"1,865.00",Clear Lake Palms
06/04/2025,1150 - OPERATING CASH IN BANK,,3.00,"Infinity Reserve at Waters, LLC"
06/04/2025,1150 - OPERATING CASH IN BANK,,9.50,"Infinity Reserve at Waters, LLC"
06/04/2025,1150 - OPERATING CASH IN BANK,,"1,020.00","Infinity Reserve at Waters, LLC"
06/04/2025,1150 - OPERATING CASH IN BANK,,10.50,Parc Place Villas
06/04/2025,1150 - OPERATING CASH IN BANK,,4.50,Parc Place Villas
06/04/2025,1150 - OPERATING CASH IN BANK,,"1,450.00",Parc Place Villas
06/04/2025,1150 - OPERATING CASH IN BANK,,9.50,Parc Place Villas
06/04/2025,1150 - OPERATING CASH IN BANK,,3.00,Parc Place Villas
06/04/2025,1150 - OPERATING CASH IN BANK,,"1,200.00",Parc Place Villas
06/04/2025,1150 - OPERATING CASH IN BANK,,"1,100.00",Castle Creek Apartments
06/04/2025,1150 - OPERATING CASH IN BANK,,10.50,Castle Creek Apartments
06/04/2025,1150 - OPERATING CASH IN BANK,,4.50,Castle Creek Apartments
06/04/2025,1150 - OPERATING CASH IN BANK,,"1,600.00",Buena Vista
06/04/2025,1150 - OPERATING CASH IN BANK,,99.00,Buena Vista
06/04/2025,1150 - OPERATING CASH IN BANK,,10.50,Buena Vista
06/04/2025,1150 - OPERATING CASH IN BANK,,4.50,Buena Vista
06/04/2025,1150 - OPERATING CASH IN BANK,,"1,000.00","Infinity Magnolia 2, LLC"
06/04/2025,1150 - OPERATING CASH IN BANK,,9.50,"Infinity Magnolia 2, LLC"
06/04/2025,1150 - OPERATING CASH IN BANK,,3.00,"Infinity Magnolia 2, LLC"
06/04/2025,1150 - OPERATING CASH IN BANK,,10.50,Buena Vista
06/04/2025,1150 - OPERATING CASH IN BANK,,4.50,Buena Vista
06/04/2025,1150 - OPERATING CASH IN BANK,,"1,252.00",Buena Vista
06/04/2025,1150 - OPERATING CASH IN BANK,,94.00,Buena Vista
06/04/2025,1150 - OPERATING CASH IN BANK,,215.00,Midway Manor Apartments
06/04/2025,1150 - OPERATING CASH IN BANK,,50.00,Midway Manor Apartments
06/04/2025,1150 - OPERATING CASH IN BANK,,4.00,Midway Manor Apartments
06/04/2025,1150 - OPERATING CASH IN BANK,,10.50,South Bay Plantation
06/04/2025,1150 - OPERATING CASH IN BANK,,4.50,South Bay Plantation
06/04/2025,1150 - OPERATING CASH IN BANK,,"2,150.00",South Bay Plantation
06/04/2025,1150 - OPERATING CASH IN BANK,,9.50,Clear Lake Palms
06/04/2025,1150 - OPERATING CASH IN BANK,,3.00,Clear Lake Palms
06/04/2025,1150 - OPERATING CASH IN BANK,,840.00,Clear Lake Palms
06/04/2025,1150 - OPERATING CASH IN BANK,,10.50,Roselea Manor Apartments
06/04/2025,1150 - OPERATING CASH IN BANK,,4.50,Roselea Manor Apartments
06/04/2025,1150 - OPERATING CASH IN BANK,,"1,550.00",Roselea Manor Apartments
06/04/2025,1150 - OPERATING CASH IN BANK,,10.50,"Infinity Magnolia 2, LLC"
06/04/2025,1150 - OPERATING CASH IN BANK,,4.50,"Infinity Magnolia 2, LLC"
06/04/2025,1150 - OPERATING CASH IN BANK,,"1,000.00","Infinity Magnolia 2, LLC"
06/04/2025,1150 - OPERATING CASH IN BANK,,"1,485.00",Laguna Place
06/04/2025,1150 - OPERATING CASH IN BANK,,10.50,Laguna Place
06/04/2025,1150 - OPERATING CASH IN BANK,,4.50,Laguna Place
06/04/2025,1150 - OPERATING CASH IN BANK,,"1,075.00",Infinity Magnolia LLC
06/04/2025,1150 - OPERATING CASH IN BANK,,10.50,Infinity Magnolia LLC
06/04/2025,1150 - OPERATING CASH IN BANK,,4.50,Infinity Magnolia LLC
06/04/2025,1150 - OPERATING CASH IN BANK,,"1,425.00",The Standard at 2690
06/04/2025,1150 - OPERATING CASH IN BANK,,2.00,The Standard at 2690
06/04/2025,1150 - OPERATING CASH IN BANK,,10.50,The Standard at 2690
06/04/2025,1150 - OPERATING CASH IN BANK,,4.50,The Standard at 2690
06/04/2025,1150 - OPERATING CASH IN BANK,,25.00,The Standard at 2690
06/04/2025,1150 - OPERATING CASH IN BANK,,9.50,University Townhomes
06/04/2025,1150 - OPERATING CASH IN BANK,,3.00,University Townhomes
06/04/2025,1150 - OPERATING CASH IN BANK,,"1,200.00",University Townhomes
06/04/2025,1150 - OPERATING CASH IN BANK,,10.50,Azure Villas
06/04/2025,1150 - OPERATING CASH IN BANK,,4.50,Azure Villas
06/04/2025,1150 - OPERATING CASH IN BANK,,"1,750.00",Azure Villas
06/04/2025,1150 - OPERATING CASH IN BANK,,85.00,Azure Villas
06/04/2025,1150 - OPERATING CASH IN BANK,,25.00,Azure Villas
06/04/2025,1150 - OPERATING CASH IN BANK,,9.50,Lakeside Condominiums
06/04/2025,1150 - OPERATING CASH IN BANK,,3.00,Lakeside Condominiums
06/04/2025,1150 - OPERATING CASH IN BANK,,"1,900.00",Lakeside Condominiums
06/04/2025,1150 - OPERATING CASH IN BANK,,9.50,Infinity Las Casitas Apartments LLC
06/04/2025,1150 - OPERATING CASH IN BANK,,3.00,Infinity Las Casitas Apartments LLC
06/04/2025,1150 - OPERATING CASH IN BANK,,"1,800.00",Infinity Las Casitas Apartments LLC
06/04/2025,1150 - OPERATING CASH IN BANK,,9.50,Clear Lake Palms
06/04/2025,1150 - OPERATING CASH IN BANK,,3.00,Clear Lake Palms
06/04/2025,1150 - OPERATING CASH IN BANK,,"1,775.00",Clear Lake Palms
06/04/2025,1150 - OPERATING CASH IN BANK,,9.50,Roselea Manor Apartments
06/04/2025,1150 - OPERATING CASH IN BANK,,3.00,Roselea Manor Apartments
06/04/2025,1150 - OPERATING CASH IN BANK,,"1,450.00",Roselea Manor Apartments
06/04/2025,1150 - OPERATING CASH IN BANK,,10.50,Buena Vista
06/04/2025,1150 - OPERATING CASH IN BANK,,4.50,Buena Vista
06/04/2025,1150 - OPERATING CASH IN BANK,,"1,564.00",Buena Vista
06/04/2025,1150 - OPERATING CASH IN BANK,,104.00,Buena Vista
06/04/2025,1150 - OPERATING CASH IN BANK,,10.50,Clear Lake Palms
06/04/2025,1150 - OPERATING CASH IN BANK,,4.50,Clear Lake Palms
06/04/2025,1150 - OPERATING CASH IN BANK,,"1,865.00",Clear Lake Palms
06/04/2025,1150 - OPERATING CASH IN BANK,,9.50,Clear Lake Palms
06/04/2025,1150 - OPERATING CASH IN BANK,,3.00,Clear Lake Palms
06/04/2025,1150 - OPERATING CASH IN BANK,,"1,775.00",Clear Lake Palms
06/04/2025,1150 - OPERATING CASH IN BANK,,"1,188.00",Laguna Place
06/04/2025,1150 - OPERATING CASH IN BANK,,10.50,Laguna Place
06/04/2025,1150 - OPERATING CASH IN BANK,,4.50,Laguna Place
06/04/2025,1150 - OPERATING CASH IN BANK,,255.00,Woodridge Manor
06/04/2025,1150 - OPERATING CASH IN BANK,,10.50,Woodridge Manor
06/04/2025,1150 - OPERATING CASH IN BANK,,4.50,Woodridge Manor
06/04/2025,1150 - OPERATING CASH IN BANK,,30.00,Woodridge Manor
06/04/2025,1150 - OPERATING CASH IN BANK,,740.00,Woodridge Manor
06/04/2025,1150 - OPERATING CASH IN BANK,,9.50,Laguna Place
06/04/2025,1150 - OPERATING CASH IN BANK,,3.00,Laguna Place
06/04/2025,1150 - OPERATING CASH IN BANK,,"1,600.00",Laguna Place
06/04/2025,1150 - OPERATING CASH IN BANK,,9.50,Lakeside Condominiums
06/04/2025,1150 - OPERATING CASH IN BANK,,3.00,Lakeside Condominiums
06/04/2025,1150 - OPERATING CASH IN BANK,,"1,550.00",Lakeside Condominiums
06/04/2025,1150 - OPERATING CASH IN BANK,,94.00,Buena Vista
06/04/2025,1150 - OPERATING CASH IN BANK,,10.50,Buena Vista
06/04/2025,1150 - OPERATING CASH IN BANK,,4.50,Buena Vista
06/04/2025,1150 - OPERATING CASH IN BANK,,"1,222.00",Buena Vista
06/04/2025,1150 - OPERATING CASH IN BANK,,"1,485.00",Laguna Place
06/04/2025,1150 - OPERATING CASH IN BANK,,10.50,Laguna Place
06/04/2025,1150 - OPERATING CASH IN BANK,,4.50,Laguna Place
06/04/2025,1150 - OPERATING CASH IN BANK,,10.50,Parc Place Villas
06/04/2025,1150 - OPERATING CASH IN BANK,,4.50,Parc Place Villas
06/04/2025,1150 - OPERATING CASH IN BANK,,"1,450.00",Parc Place Villas
06/04/2025,1150 - OPERATING CASH IN BANK,,"1,430.50",Roselea Manor Apartments
06/04/2025,1150 - OPERATING CASH IN BANK,,10.50,Roselea Manor Apartments
06/04/2025,1150 - OPERATING CASH IN BANK,,4.50,Roselea Manor Apartments
06/04/2025,1150 - OPERATING CASH IN BANK,,120.00,Roselea Manor Apartments
06/04/2025,1150 - OPERATING CASH IN BANK,,"1,750.00",Lakeside Condominiums
06/04/2025,1150 - OPERATING CASH IN BANK,,10.50,Lakeside Condominiums
06/04/2025,1150 - OPERATING CASH IN BANK,,4.50,Lakeside Condominiums
06/04/2025,1150 - OPERATING CASH IN BANK,,10.50,Castle Creek Apartments
06/04/2025,1150 - OPERATING CASH IN BANK,,4.50,Castle Creek Apartments
06/04/2025,1150 - OPERATING CASH IN BANK,,"1,400.00",Castle Creek Apartments
06/04/2025,1150 - OPERATING CASH IN BANK,,"1,900.00",South Bay Plantation
06/04/2025,1150 - OPERATING CASH IN BANK,,10.50,South Bay Plantation
06/04/2025,1150 - OPERATING CASH IN BANK,,4.50,South Bay Plantation
06/04/2025,1150 - OPERATING CASH IN BANK,,280.00,Clear Lake Palms
06/04/2025,1150 - OPERATING CASH IN BANK,,10.50,Clear Lake Palms
06/04/2025,1150 - OPERATING CASH IN BANK,,4.50,Clear Lake Palms
06/04/2025,1150 - OPERATING CASH IN BANK,,"1,075.00",Infinity Magnolia LLC
06/04/2025,1150 - OPERATING CASH IN BANK,,10.50,Infinity Magnolia LLC
06/04/2025,1150 - OPERATING CASH IN BANK,,4.50,Infinity Magnolia LLC
06/04/2025,1150 - OPERATING CASH IN BANK,,200.00,Buena Vista
06/04/2025,1150 - OPERATING CASH IN BANK,,10.50,The Standard at 2690
06/04/2025,1150 - OPERATING CASH IN BANK,,4.50,The Standard at 2690
06/04/2025,1150 - OPERATING CASH IN BANK,,900.00,The Standard at 2690
06/04/2025,1150 - OPERATING CASH IN BANK,,2.00,The Standard at 2690
06/04/2025,1150 - OPERATING CASH IN BANK,,25.00,The Standard at 2690
06/04/2025,1150 - OPERATING CASH IN BANK,,"1,400.00",Castle Creek Apartments
06/04/2025,1150 - OPERATING CASH IN BANK,,10.50,Castle Creek Apartments
06/04/2025,1150 - OPERATING CASH IN BANK,,4.50,Castle Creek Apartments
06/04/2025,1150 - OPERATING CASH IN BANK,,"1,865.00",Clear Lake Palms
06/04/2025,1150 - OPERATING CASH IN BANK,,10.50,Clear Lake Palms
06/04/2025,1150 - OPERATING CASH IN BANK,,4.50,Clear Lake Palms
06/04/2025,1150 - OPERATING CASH IN BANK,,10.50,Grove at Temple Terrace
06/04/2025,1150 - OPERATING CASH IN BANK,,4.50,Grove at Temple Terrace
06/04/2025,1150 - OPERATING CASH IN BANK,,"1,425.00",Grove at Temple Terrace
06/04/2025,1150 - OPERATING CASH IN BANK,,9.50,Azure Villas
06/04/2025,1150 - OPERATING CASH IN BANK,,3.00,Azure Villas
06/04/2025,1150 - OPERATING CASH IN BANK,,"1,750.00",Azure Villas
06/04/2025,1150 - OPERATING CASH IN BANK,,85.00,Azure Villas
06/04/2025,1150 - OPERATING CASH IN BANK,,25.00,Azure Villas
06/04/2025,1150 - OPERATING CASH IN BANK,,10.50,Parc Place Villas
06/04/2025,1150 - OPERATING CASH IN BANK,,4.50,Parc Place Villas
06/04/2025,1150 - OPERATING CASH IN BANK,,"1,200.00",Parc Place Villas
06/04/2025,1150 - OPERATING CASH IN BANK,,0.49,"Infinity Magnolia 2, LLC"
06/04/2025,1150 - OPERATING CASH IN BANK,,9.50,"Infinity Magnolia 2, LLC"
06/04/2025,1150 - OPERATING CASH IN BANK,,3.00,"Infinity Magnolia 2, LLC"
06/04/2025,1150 - OPERATING CASH IN BANK,,999.51,"Infinity Magnolia 2, LLC"
06/04/2025,1150 - OPERATING CASH IN BANK,,50.00,Midway Manor Apartments
06/04/2025,1150 - OPERATING CASH IN BANK,,5.00,Midway Manor Apartments
06/04/2025,1150 - OPERATING CASH IN BANK,,10.50,Midway Manor Apartments
06/04/2025,1150 - OPERATING CASH IN BANK,,4.50,Midway Manor Apartments
06/04/2025,1150 - OPERATING CASH IN BANK,,"1,224.00",Midway Manor Apartments
06/04/2025,1150 - OPERATING CASH IN BANK,,10.50,South Bay Plantation
06/04/2025,1150 - OPERATING CASH IN BANK,,4.50,South Bay Plantation
06/04/2025,1150 - OPERATING CASH IN BANK,,"2,150.00",South Bay Plantation
06/04/2025,1150 - OPERATING CASH IN BANK,,9.50,"Infinity Reserve at Waters, LLC"
06/04/2025,1150 - OPERATING CASH IN BANK,,3.00,"Infinity Reserve at Waters, LLC"
06/04/2025,1150 - OPERATING CASH IN BANK,,"1,175.00","Infinity Reserve at Waters, LLC"
06/04/2025,1150 - OPERATING CASH IN BANK,,10.50,The Standard at 2690
06/04/2025,1150 - OPERATING CASH IN BANK,,4.50,The Standard at 2690
06/04/2025,1150 - OPERATING CASH IN BANK,,"1,875.00",The Standard at 2690
06/04/2025,1150 - OPERATING CASH IN BANK,,2.00,The Standard at 2690
06/04/2025,1150 - OPERATING CASH IN BANK,,25.00,The Standard at 2690
06/04/2025,1150 - OPERATING CASH IN BANK,,9.50,"Infinity Reserve at Waters, LLC"
06/04/2025,1150 - OPERATING CASH IN BANK,,"1,175.00","Infinity Reserve at Waters, LLC"
06/04/2025,1150 - OPERATING CASH IN BANK,,3.00,"Infinity Reserve at Waters, LLC"
06/04/2025,1150 - OPERATING CASH IN BANK,,10.50,Azure Villas
06/04/2025,1150 - OPERATING CASH IN BANK,,4.50,Azure Villas
06/04/2025,1150 - OPERATING CASH IN BANK,,"1,750.00",Azure Villas
06/04/2025,1150 - OPERATING CASH IN BANK,,85.00,Azure Villas
06/04/2025,1150 - OPERATING CASH IN BANK,,25.00,Azure Villas
06/04/2025,1150 - OPERATING CASH IN BANK,,9.50,"Infinity Reserve at Waters, LLC"
06/04/2025,1150 - OPERATING CASH IN BANK,,3.00,"Infinity Reserve at Waters, LLC"
06/04/2025,1150 - OPERATING CASH IN BANK,,"1,175.00","Infinity Reserve at Waters, LLC"
06/04/2025,1150 - OPERATING CASH IN BANK,,9.50,Clear Lake Palms
06/04/2025,1150 - OPERATING CASH IN BANK,,3.00,Clear Lake Palms
06/04/2025,1150 - OPERATING CASH IN BANK,,"1,575.00",Clear Lake Palms
06/04/2025,1150 - OPERATING CASH IN BANK,,10.50,Laguna Place
06/04/2025,1150 - OPERATING CASH IN BANK,,4.50,Laguna Place
06/04/2025,1150 - OPERATING CASH IN BANK,,"1,585.00",Laguna Place
06/04/2025,1150 - OPERATING CASH IN BANK,,10.50,Roselea Manor Apartments
06/04/2025,1150 - OPERATING CASH IN BANK,,4.50,Roselea Manor Apartments
06/04/2025,1150 - OPERATING CASH IN BANK,,"1,650.00",Roselea Manor Apartments
06/04/2025,1150 - OPERATING CASH IN BANK,,10.50,Infinity Magnolia LLC
06/04/2025,1150 - OPERATING CASH IN BANK,,4.50,Infinity Magnolia LLC
06/04/2025,1150 - OPERATING CASH IN BANK,,"1,075.00",Infinity Magnolia LLC
06/04/2025,1150 - OPERATING CASH IN BANK,,9.50,Lakeside Condominiums
06/04/2025,1150 - OPERATING CASH IN BANK,,3.00,Lakeside Condominiums
06/04/2025,1150 - OPERATING CASH IN BANK,,"2,250.00",Lakeside Condominiums
06/04/2025,1150 - OPERATING CASH IN BANK,,10.50,Parc Place Villas
06/04/2025,1150 - OPERATING CASH IN BANK,,4.50,Parc Place Villas
06/04/2025,1150 - OPERATING CASH IN BANK,,"1,350.00",Parc Place Villas
06/04/2025,1150 - OPERATING CASH IN BANK,,10.50,Infinity Magnolia LLC
06/04/2025,1150 - OPERATING CASH IN BANK,,4.50,Infinity Magnolia LLC
06/04/2025,1150 - OPERATING CASH IN BANK,,850.00,Infinity Magnolia LLC
06/04/2025,1150 - OPERATING CASH IN BANK,,9.50,Azure Villas
06/04/2025,1150 - OPERATING CASH IN BANK,,3.00,Azure Villas
06/04/2025,1150 - OPERATING CASH IN BANK,,65.00,Azure Villas
06/04/2025,1150 - OPERATING CASH IN BANK,,25.00,Azure Villas
06/04/2025,1150 - OPERATING CASH IN BANK,,"1,500.00",Azure Villas
06/04/2025,1150 - OPERATING CASH IN BANK,,9.50,Azure Villas
06/04/2025,1150 - OPERATING CASH IN BANK,,3.00,Azure Villas
06/04/2025,1150 - OPERATING CASH IN BANK,,"1,450.00",Azure Villas
06/04/2025,1150 - OPERATING CASH IN BANK,,65.00,Azure Villas
06/04/2025,1150 - OPERATING CASH IN BANK,,25.00,Azure Villas
06/04/2025,1150 - OPERATING CASH IN BANK,,"1,020.00","Infinity Reserve at Waters, LLC"
06/04/2025,1150 - OPERATING CASH IN BANK,,10.50,"Infinity Reserve at Waters, LLC"
06/04/2025,1150 - OPERATING CASH IN BANK,,4.50,"Infinity Reserve at Waters, LLC"
06/04/2025,1150 - OPERATING CASH IN BANK,,10.50,Parc Place Villas
06/04/2025,1150 - OPERATING CASH IN BANK,,4.50,Parc Place Villas
06/04/2025,1150 - OPERATING CASH IN BANK,,"1,450.00",Parc Place Villas
06/04/2025,1150 - OPERATING CASH IN BANK,,"1,525.00",Azure Villas
06/04/2025,1150 - OPERATING CASH IN BANK,,65.00,Azure Villas
06/04/2025,1150 - OPERATING CASH IN BANK,,25.00,Azure Villas
06/04/2025,1150 - OPERATING CASH IN BANK,,10.50,Azure Villas
06/04/2025,1150 - OPERATING CASH IN BANK,,4.50,Azure Villas
06/04/2025,1150 - OPERATING CASH IN BANK,,70.00,Buena Vista
06/04/2025,1150 - OPERATING CASH IN BANK,,9.50,Luna At Hollywood
06/04/2025,1150 - OPERATING CASH IN BANK,,3.00,Luna At Hollywood
06/04/2025,1150 - OPERATING CASH IN BANK,,"2,050.00",Luna At Hollywood
06/04/2025,1150 - OPERATING CASH IN BANK,,"1,000.00","Infinity Magnolia 2, LLC"
06/04/2025,1150 - OPERATING CASH IN BANK,,10.50,"Infinity Magnolia 2, LLC"
06/04/2025,1150 - OPERATING CASH IN BANK,,4.50,"Infinity Magnolia 2, LLC"
06/04/2025,1150 - OPERATING CASH IN BANK,,47.50,Parc Place Villas
06/04/2025,1150 - OPERATING CASH IN BANK,,9.50,Parc Place Villas
06/04/2025,1150 - OPERATING CASH IN BANK,,3.00,Parc Place Villas
06/04/2025,1150 - OPERATING CASH IN BANK,,128.00,Parc Place Villas
06/04/2025,1150 - OPERATING CASH IN BANK,,"1,650.00",Luna At Hollywood
06/04/2025,1150 - OPERATING CASH IN BANK,,400.00,Luna At Hollywood
06/04/2025,1150 - OPERATING CASH IN BANK,,10.50,Luna At Hollywood
06/04/2025,1150 - OPERATING CASH IN BANK,,4.50,Luna At Hollywood
06/04/2025,1150 - OPERATING CASH IN BANK,,10.50,Clear Lake Palms
06/04/2025,1150 - OPERATING CASH IN BANK,,4.50,Clear Lake Palms
06/04/2025,1150 - OPERATING CASH IN BANK,,"1,865.00",Clear Lake Palms
06/04/2025,1150 - OPERATING CASH IN BANK,,9.50,Lakeside Condominiums
06/04/2025,1150 - OPERATING CASH IN BANK,,3.00,Lakeside Condominiums
06/04/2025,1150 - OPERATING CASH IN BANK,,"1,900.00",Lakeside Condominiums
06/04/2025,1150 - OPERATING CASH IN BANK,,"1,900.00",South Bay Plantation
06/04/2025,1150 - OPERATING CASH IN BANK,,10.50,South Bay Plantation
06/04/2025,1150 - OPERATING CASH IN BANK,,4.50,South Bay Plantation
06/04/2025,1150 - OPERATING CASH IN BANK,,9.50,Azure Villas
06/04/2025,1150 - OPERATING CASH IN BANK,,3.00,Azure Villas
06/04/2025,1150 - OPERATING CASH IN BANK,,25.00,Azure Villas
06/04/2025,1150 - OPERATING CASH IN BANK,,65.00,Azure Villas
06/04/2025,1150 - OPERATING CASH IN BANK,,"1,525.00",Azure Villas
06/04/2025,1150 - OPERATING CASH IN BANK,,"1,920.00",South Bay Plantation
06/04/2025,1150 - OPERATING CASH IN BANK,,10.50,South Bay Plantation
06/04/2025,1150 - OPERATING CASH IN BANK,,4.50,South Bay Plantation
06/04/2025,1150 - OPERATING CASH IN BANK,,20.00,South Bay Plantation
06/04/2025,1150 - OPERATING CASH IN BANK,,37.50,Roselea Manor Apartments
06/04/2025,1150 - OPERATING CASH IN BANK,,10.50,Roselea Manor Apartments
06/04/2025,1150 - OPERATING CASH IN BANK,,4.50,Roselea Manor Apartments
06/04/2025,1150 - OPERATING CASH IN BANK,,"1,305.00",Roselea Manor Apartments
06/04/2025,1150 - OPERATING CASH IN BANK,,10.50,Clear Lake Palms
06/04/2025,1150 - OPERATING CASH IN BANK,,4.50,Clear Lake Palms
06/04/2025,1150 - OPERATING CASH IN BANK,,"1,575.00",Clear Lake Palms
06/04/2025,1150 - OPERATING CASH IN BANK,,"1,050.00","Infinity Reserve at Waters, LLC"
06/04/2025,1150 - OPERATING CASH IN BANK,,10.50,"Infinity Reserve at Waters, LLC"
06/04/2025,1150 - OPERATING CASH IN BANK,,4.50,"Infinity Reserve at Waters, LLC"
06/04/2025,1150 - OPERATING CASH IN BANK,,9.50,"Infinity Reserve at Waters, LLC"
06/04/2025,1150 - OPERATING CASH IN BANK,,"1,175.00","Infinity Reserve at Waters, LLC"
06/04/2025,1150 - OPERATING CASH IN BANK,,3.00,"Infinity Reserve at Waters, LLC"
06/04/2025,1150 - OPERATING CASH IN BANK,,"1,450.00",Parc Place Villas
06/04/2025,1150 - OPERATING CASH IN BANK,,10.50,Parc Place Villas
06/04/2025,1150 - OPERATING CASH IN BANK,,4.50,Parc Place Villas
06/04/2025,1150 - OPERATING CASH IN BANK,,65.00,Azure Villas
06/04/2025,1150 - OPERATING CASH IN BANK,,25.00,Azure Villas
06/04/2025,1150 - OPERATING CASH IN BANK,,10.50,Azure Villas
06/04/2025,1150 - OPERATING CASH IN BANK,,4.50,Azure Villas
06/04/2025,1150 - OPERATING CASH IN BANK,,"1,525.00",Azure Villas
06/04/2025,1150 - OPERATING CASH IN BANK,,10.50,Lakeside Condominiums
06/04/2025,1150 - OPERATING CASH IN BANK,,4.50,Lakeside Condominiums
06/04/2025,1150 - OPERATING CASH IN BANK,,"1,750.00",Lakeside Condominiums
06/04/2025,1150 - OPERATING CASH IN BANK,,9.50,Lakeside Condominiums
06/04/2025,1150 - OPERATING CASH IN BANK,,3.00,Lakeside Condominiums
06/04/2025,1150 - OPERATING CASH IN BANK,,"2,250.00",Lakeside Condominiums
06/04/2025,1150 - OPERATING CASH IN BANK,,9.50,Lakeside Condominiums
06/04/2025,1150 - OPERATING CASH IN BANK,,3.00,Lakeside Condominiums
06/04/2025,1150 - OPERATING CASH IN BANK,,"2,275.00",Lakeside Condominiums
06/04/2025,1150 - OPERATING CASH IN BANK,,9.50,Azure Villas
06/04/2025,1150 - OPERATING CASH IN BANK,,3.00,Azure Villas
06/04/2025,1150 - OPERATING CASH IN BANK,,"1,525.00",Azure Villas
06/04/2025,1150 - OPERATING CASH IN BANK,,65.00,Azure Villas
06/04/2025,1150 - OPERATING CASH IN BANK,,25.00,Azure Villas
06/04/2025,1150 - OPERATING CASH IN BANK,,10.50,The Standard at 2690
06/04/2025,1150 - OPERATING CASH IN BANK,,4.50,The Standard at 2690
06/04/2025,1150 - OPERATING CASH IN BANK,,"1,375.00",The Standard at 2690
06/04/2025,1150 - OPERATING CASH IN BANK,,2.00,The Standard at 2690
06/04/2025,1150 - OPERATING CASH IN BANK,,9.50,Lakeside Condominiums
06/04/2025,1150 - OPERATING CASH IN BANK,,3.00,Lakeside Condominiums
06/04/2025,1150 - OPERATING CASH IN BANK,,"1,862.50",Lakeside Condominiums
06/04/2025,1150 - OPERATING CASH IN BANK,,70.00,Buena Vista
06/04/2025,1150 - OPERATING CASH IN BANK,,"2,150.00",South Bay Plantation
06/04/2025,1150 - OPERATING CASH IN BANK,,10.50,South Bay Plantation
06/04/2025,1150 - OPERATING CASH IN BANK,,4.50,South Bay Plantation
06/04/2025,1150 - OPERATING CASH IN BANK,,10.50,Grove at Temple Terrace
06/04/2025,1150 - OPERATING CASH IN BANK,,4.50,Grove at Temple Terrace
06/04/2025,1150 - OPERATING CASH IN BANK,,"1,424.50",Grove at Temple Terrace
06/04/2025,1150 - OPERATING CASH IN BANK,,10.50,The Standard at 2690
06/04/2025,1150 - OPERATING CASH IN BANK,,4.50,The Standard at 2690
06/04/2025,1150 - OPERATING CASH IN BANK,,"1,275.00",The Standard at 2690
06/04/2025,1150 - OPERATING CASH IN BANK,,2.00,The Standard at 2690
06/04/2025,1150 - OPERATING CASH IN BANK,,25.00,The Standard at 2690
06/04/2025,1150 - OPERATING CASH IN BANK,,9.50,Laguna Place
06/04/2025,1150 - OPERATING CASH IN BANK,,3.00,Laguna Place
06/04/2025,1150 - OPERATING CASH IN BANK,,"1,900.00",Laguna Place
06/04/2025,1150 - OPERATING CASH IN BANK,,10.50,Royal Manor
06/04/2025,1150 - OPERATING CASH IN BANK,,4.50,Royal Manor
06/04/2025,1150 - OPERATING CASH IN BANK,,"1,200.00",Royal Manor
06/04/2025,1150 - OPERATING CASH IN BANK,,50.00,Royal Manor
06/04/2025,1150 - OPERATING CASH IN BANK,,4.00,Royal Manor
06/04/2025,1150 - OPERATING CASH IN BANK,,10.50,Clear Lake Palms
06/04/2025,1150 - OPERATING CASH IN BANK,,4.50,Clear Lake Palms
06/04/2025,1150 - OPERATING CASH IN BANK,,"2,075.00",Clear Lake Palms
06/04/2025,1150 - OPERATING CASH IN BANK,,"1,450.00",Azure Villas
06/04/2025,1150 - OPERATING CASH IN BANK,,65.00,Azure Villas
06/04/2025,1150 - OPERATING CASH IN BANK,,25.00,Azure Villas
06/04/2025,1150 - OPERATING CASH IN BANK,,10.50,Azure Villas
06/04/2025,1150 - OPERATING CASH IN BANK,,4.50,Azure Villas
06/04/2025,1150 - OPERATING CASH IN BANK,,10.50,Roselea Manor Apartments
06/04/2025,1150 - OPERATING CASH IN BANK,,4.50,Roselea Manor Apartments
06/04/2025,1150 - OPERATING CASH IN BANK,,"1,950.00",Roselea Manor Apartments
06/04/2025,1150 - OPERATING CASH IN BANK,,"2,800.00",The Oaks Apartments
06/04/2025,1150 - OPERATING CASH IN BANK,,9.50,Lakeside Condominiums
06/04/2025,1150 - OPERATING CASH IN BANK,,3.00,Lakeside Condominiums
06/04/2025,1150 - OPERATING CASH IN BANK,,"2,275.00",Lakeside Condominiums
06/04/2025,1150 - OPERATING CASH IN BANK,,35.00,Lakeside Condominiums
06/04/2025,1150 - OPERATING CASH IN BANK,,"1,450.00",Parc Place Villas
06/04/2025,1150 - OPERATING CASH IN BANK,,10.50,Parc Place Villas
06/04/2025,1150 - OPERATING CASH IN BANK,,4.50,Parc Place Villas
06/04/2025,1150 - OPERATING CASH IN BANK,,"1,361.67",Azure Villas
06/04/2025,1150 - OPERATING CASH IN BANK,,65.00,Azure Villas
06/04/2025,1150 - OPERATING CASH IN BANK,,25.00,Azure Villas
06/04/2025,1150 - OPERATING CASH IN BANK,,10.50,South Bay Plantation
06/04/2025,1150 - OPERATING CASH IN BANK,,4.50,South Bay Plantation
06/04/2025,1150 - OPERATING CASH IN BANK,,"2,150.00",South Bay Plantation
06/04/2025,1150 - OPERATING CASH IN BANK,,10.50,Castle Creek Apartments
06/04/2025,1150 - OPERATING CASH IN BANK,,4.50,Castle Creek Apartments
06/04/2025,1150 - OPERATING CASH IN BANK,,140.00,Castle Creek Apartments
06/04/2025,1150 - OPERATING CASH IN BANK,,10.50,The Standard at 2690
06/04/2025,1150 - OPERATING CASH IN BANK,,4.50,The Standard at 2690
06/04/2025,1150 - OPERATING CASH IN BANK,,"1,375.00",The Standard at 2690
06/04/2025,1150 - OPERATING CASH IN BANK,,2.00,The Standard at 2690
06/04/2025,1150 - OPERATING CASH IN BANK,,25.00,The Standard at 2690
06/04/2025,1150 - OPERATING CASH IN BANK,,10.50,Roselea Manor Apartments
06/04/2025,1150 - OPERATING CASH IN BANK,,4.50,Roselea Manor Apartments
06/04/2025,1150 - OPERATING CASH IN BANK,,"1,350.00",Roselea Manor Apartments
06/04/2025,1150 - OPERATING CASH IN BANK,,10.50,South Bay Plantation
06/04/2025,1150 - OPERATING CASH IN BANK,,4.50,South Bay Plantation
06/04/2025,1150 - OPERATING CASH IN BANK,,"2,150.00",South Bay Plantation
06/04/2025,1150 - OPERATING CASH IN BANK,,"1,475.00",Grove at Temple Terrace
06/04/2025,1150 - OPERATING CASH IN BANK,,10.50,Grove at Temple Terrace
06/04/2025,1150 - OPERATING CASH IN BANK,,4.50,Grove at Temple Terrace
06/04/2025,1150 - OPERATING CASH IN BANK,,"1,764.00",Buena Vista
06/04/2025,1150 - OPERATING CASH IN BANK,,104.00,Buena Vista
06/04/2025,1150 - OPERATING CASH IN BANK,,10.50,Buena Vista
06/04/2025,1150 - OPERATING CASH IN BANK,,4.50,Buena Vista
06/04/2025,1150 - OPERATING CASH IN BANK,,9.50,Clear Lake Palms
06/04/2025,1150 - OPERATING CASH IN BANK,,3.00,Clear Lake Palms
06/04/2025,1150 - OPERATING CASH IN BANK,,"2,075.00",Clear Lake Palms
06/04/2025,1150 - OPERATING CASH IN BANK,,9.50,Clear Lake Palms
06/04/2025,1150 - OPERATING CASH IN BANK,,3.00,Clear Lake Palms
06/04/2025,1150 - OPERATING CASH IN BANK,,"1,865.00",Clear Lake Palms
06/04/2025,1150 - OPERATING CASH IN BANK,,10.50,Clear Lake Palms
06/04/2025,1150 - OPERATING CASH IN BANK,,4.50,Clear Lake Palms
06/04/2025,1150 - OPERATING CASH IN BANK,,"1,775.00",Clear Lake Palms
06/04/2025,1150 - OPERATING CASH IN BANK,,9.50,Lakeside Condominiums
06/04/2025,1150 - OPERATING CASH IN BANK,,3.00,Lakeside Condominiums
06/04/2025,1150 - OPERATING CASH IN BANK,,"1,900.00",Lakeside Condominiums
06/04/2025,1150 - OPERATING CASH IN BANK,,"1,575.00",Clear Lake Palms
06/04/2025,1150 - OPERATING CASH IN BANK,,10.50,Clear Lake Palms
06/04/2025,1150 - OPERATING CASH IN BANK,,4.50,Clear Lake Palms
06/04/2025,1150 - OPERATING CASH IN BANK,,9.50,Laguna Place
06/04/2025,1150 - OPERATING CASH IN BANK,,3.00,Laguna Place
06/04/2025,1150 - OPERATING CASH IN BANK,,"1,900.00",Laguna Place
06/04/2025,1150 - OPERATING CASH IN BANK,,10.50,Parc Place Villas
06/04/2025,1150 - OPERATING CASH IN BANK,,4.50,Parc Place Villas
06/04/2025,1150 - OPERATING CASH IN BANK,,"1,350.00",Parc Place Villas
06/04/2025,1150 - OPERATING CASH IN BANK,,45.00,Laguna Place
06/04/2025,1150 - OPERATING CASH IN BANK,,9.50,Laguna Place
06/04/2025,1150 - OPERATING CASH IN BANK,,3.00,Laguna Place
06/04/2025,1150 - OPERATING CASH IN BANK,,"1,885.00",Laguna Place
06/04/2025,1150 - OPERATING CASH IN BANK,,10.50,Clear Lake Palms
06/04/2025,1150 - OPERATING CASH IN BANK,,4.50,Clear Lake Palms
06/04/2025,1150 - OPERATING CASH IN BANK,,"2,075.00",Clear Lake Palms
06/04/2025,1150 - OPERATING CASH IN BANK,,"1,475.00",Grove at Temple Terrace
06/04/2025,1150 - OPERATING CASH IN BANK,,10.50,Grove at Temple Terrace
06/04/2025,1150 - OPERATING CASH IN BANK,,4.50,Grove at Temple Terrace
06/04/2025,1150 - OPERATING CASH IN BANK,,"1,425.00",Grove at Temple Terrace
06/04/2025,1150 - OPERATING CASH IN BANK,,10.50,Grove at Temple Terrace
06/04/2025,1150 - OPERATING CASH IN BANK,,4.50,Grove at Temple Terrace
06/04/2025,1150 - OPERATING CASH IN BANK,,9.50,"Infinity Magnolia 2, LLC"
06/04/2025,1150 - OPERATING CASH IN BANK,,3.00,"Infinity Magnolia 2, LLC"
06/04/2025,1150 - OPERATING CASH IN BANK,,"1,000.00","Infinity Magnolia 2, LLC"
06/04/2025,1150 - OPERATING CASH IN BANK,,9.50,Infinity Magnolia LLC
06/04/2025,1150 - OPERATING CASH IN BANK,,3.00,Infinity Magnolia LLC
06/04/2025,1150 - OPERATING CASH IN BANK,,"1,075.00",Infinity Magnolia LLC
06/04/2025,1150 - OPERATING CASH IN BANK,,10.50,Woodridge Manor
06/04/2025,1150 - OPERATING CASH IN BANK,,4.50,Woodridge Manor
06/04/2025,1150 - OPERATING CASH IN BANK,,"1,699.50",Woodridge Manor
06/04/2025,1150 - OPERATING CASH IN BANK,,2.62,University Townhomes
06/04/2025,1150 - OPERATING CASH IN BANK,,10.50,University Townhomes
06/04/2025,1150 - OPERATING CASH IN BANK,,4.50,University Townhomes
06/04/2025,1150 - OPERATING CASH IN BANK,,"1,450.00",University Townhomes
06/04/2025,1150 - OPERATING CASH IN BANK,,10.50,Infinity Las Casitas Apartments LLC
06/04/2025,1150 - OPERATING CASH IN BANK,,4.50,Infinity Las Casitas Apartments LLC
06/04/2025,1150 - OPERATING CASH IN BANK,,"1,425.00",Infinity Las Casitas Apartments LLC
06/04/2025,1150 - OPERATING CASH IN BANK,,10.50,Buena Vista
06/04/2025,1150 - OPERATING CASH IN BANK,,4.50,Buena Vista
06/04/2025,1150 - OPERATING CASH IN BANK,,"1,675.00",Buena Vista
06/04/2025,1150 - OPERATING CASH IN BANK,,104.00,Buena Vista
06/04/2025,1150 - OPERATING CASH IN BANK,,10.50,Lakeside Condominiums
06/04/2025,1150 - OPERATING CASH IN BANK,,4.50,Lakeside Condominiums
06/04/2025,1150 - OPERATING CASH IN BANK,,"1,900.00",Lakeside Condominiums
06/04/2025,1150 - OPERATING CASH IN BANK,,9.50,Lakeside Condominiums
06/04/2025,1150 - OPERATING CASH IN BANK,,3.00,Lakeside Condominiums
06/04/2025,1150 - OPERATING CASH IN BANK,,"1,925.00",Lakeside Condominiums
06/04/2025,1150 - OPERATING CASH IN BANK,,10.50,"Infinity Magnolia 2, LLC"
06/04/2025,1150 - OPERATING CASH IN BANK,,4.50,"Infinity Magnolia 2, LLC"
06/04/2025,1150 - OPERATING CASH IN BANK,,"1,000.00","Infinity Magnolia 2, LLC"
06/04/2025,1150 - OPERATING CASH IN BANK,,"1,575.00",Clear Lake Palms
06/04/2025,1150 - OPERATING CASH IN BANK,,9.50,Clear Lake Palms
06/04/2025,1150 - OPERATING CASH IN BANK,,3.00,Clear Lake Palms
06/04/2025,1150 - OPERATING CASH IN BANK,,9.50,Azure Villas
06/04/2025,1150 - OPERATING CASH IN BANK,,3.00,Azure Villas
06/04/2025,1150 - OPERATING CASH IN BANK,,65.00,Azure Villas
06/04/2025,1150 - OPERATING CASH IN BANK,,25.00,Azure Villas
06/04/2025,1150 - OPERATING CASH IN BANK,,"1,525.00",Azure Villas
06/04/2025,1150 - OPERATING CASH IN BANK,,9.50,Infinity Magnolia LLC
06/04/2025,1150 - OPERATING CASH IN BANK,,3.00,Infinity Magnolia LLC
06/04/2025,1150 - OPERATING CASH IN BANK,,"1,075.00",Infinity Magnolia LLC
06/04/2025,1150 - OPERATING CASH IN BANK,,10.50,Buena Vista
06/04/2025,1150 - OPERATING CASH IN BANK,,4.50,Buena Vista
06/04/2025,1150 - OPERATING CASH IN BANK,,887.50,Buena Vista
06/04/2025,1150 - OPERATING CASH IN BANK,,104.00,Buena Vista
06/04/2025,1150 - OPERATING CASH IN BANK,,9.50,Luna At Hollywood
06/04/2025,1150 - OPERATING CASH IN BANK,,3.00,Luna At Hollywood
06/04/2025,1150 - OPERATING CASH IN BANK,,"2,050.00",Luna At Hollywood
06/04/2025,1150 - OPERATING CASH IN BANK,,"1,175.00","Infinity Reserve at Waters, LLC"
06/04/2025,1150 - OPERATING CASH IN BANK,,10.50,"Infinity Reserve at Waters, LLC"
06/04/2025,1150 - OPERATING CASH IN BANK,,4.50,"Infinity Reserve at Waters, LLC"
06/04/2025,1150 - OPERATING CASH IN BANK,,"1,215.00",Luna At Hollywood
06/04/2025,1150 - OPERATING CASH IN BANK,,"1,075.00",Infinity Magnolia LLC
06/04/2025,1150 - OPERATING CASH IN BANK,,10.50,Infinity Magnolia LLC
06/04/2025,1150 - OPERATING CASH IN BANK,,4.50,Infinity Magnolia LLC
06/04/2025,1150 - OPERATING CASH IN BANK,,10.50,Woodridge Manor
06/04/2025,1150 - OPERATING CASH IN BANK,,4.50,Woodridge Manor
06/04/2025,1150 - OPERATING CASH IN BANK,,"1,581.00",Woodridge Manor
06/04/2025,1150 - OPERATING CASH IN BANK,,34.78,Woodridge Manor
06/04/2025,1150 - OPERATING CASH IN BANK,,"1,750.00",Lakeside Condominiums
06/04/2025,1150 - OPERATING CASH IN BANK,,10.50,Lakeside Condominiums
06/04/2025,1150 - OPERATING CASH IN BANK,,4.50,Lakeside Condominiums
06/04/2025,1150 - OPERATING CASH IN BANK,,10.50,Buena Vista
06/04/2025,1150 - OPERATING CASH IN BANK,,4.50,Buena Vista
06/04/2025,1150 - OPERATING CASH IN BANK,,"1,341.00",Buena Vista
06/04/2025,1150 - OPERATING CASH IN BANK,,96.00,Buena Vista
06/04/2025,1150 - OPERATING CASH IN BANK,,10.50,Parc Place Villas
06/04/2025,1150 - OPERATING CASH IN BANK,,4.50,Parc Place Villas
06/04/2025,1150 - OPERATING CASH IN BANK,,"1,150.00",Parc Place Villas
06/04/2025,1150 - OPERATING CASH IN BANK,,9.50,Luna At Hollywood
06/04/2025,1150 - OPERATING CASH IN BANK,,3.00,Luna At Hollywood
06/04/2025,1150 - OPERATING CASH IN BANK,,"2,275.00",Luna At Hollywood
06/04/2025,1150 - OPERATING CASH IN BANK,,929.00,Castle Creek Apartments
06/04/2025,1150 - OPERATING CASH IN BANK,,9.50,Clear Lake Palms
06/04/2025,1150 - OPERATING CASH IN BANK,,3.00,Clear Lake Palms
06/04/2025,1150 - OPERATING CASH IN BANK,,539.00,Clear Lake Palms
06/04/2025,1150 - OPERATING CASH IN BANK,,10.50,Parc Place Villas
06/04/2025,1150 - OPERATING CASH IN BANK,,4.50,Parc Place Villas
06/04/2025,1150 - OPERATING CASH IN BANK,,"1,450.00",Parc Place Villas
06/04/2025,1150 - OPERATING CASH IN BANK,,9.50,Azure Villas
06/04/2025,1150 - OPERATING CASH IN BANK,,3.00,Azure Villas
06/04/2025,1150 - OPERATING CASH IN BANK,,65.00,Azure Villas
06/04/2025,1150 - OPERATING CASH IN BANK,,25.00,Azure Villas
06/04/2025,1150 - OPERATING CASH IN BANK,,"1,525.00",Azure Villas
06/04/2025,1150 - OPERATING CASH IN BANK,,9.50,Luna At Hollywood
06/04/2025,1150 - OPERATING CASH IN BANK,,3.00,Luna At Hollywood
06/04/2025,1150 - OPERATING CASH IN BANK,,"1,820.00",Luna At Hollywood
06/04/2025,1150 - OPERATING CASH IN BANK,,10.50,Woodridge Manor
06/04/2025,1150 - OPERATING CASH IN BANK,,4.50,Woodridge Manor
06/04/2025,1150 - OPERATING CASH IN BANK,,"1,475.00",Woodridge Manor
06/04/2025,1150 - OPERATING CASH IN BANK,,10.50,Parc Place Villas
06/04/2025,1150 - OPERATING CASH IN BANK,,4.50,Parc Place Villas
06/04/2025,1150 - OPERATING CASH IN BANK,,"1,450.00",Parc Place Villas
06/04/2025,1150 - OPERATING CASH IN BANK,,"1,200.00",Parc Place Villas
06/04/2025,1150 - OPERATING CASH IN BANK,,10.50,Parc Place Villas
06/04/2025,1150 - OPERATING CASH IN BANK,,4.50,Parc Place Villas
06/04/2025,1150 - OPERATING CASH IN BANK,,9.50,Clear Lake Palms
06/04/2025,1150 - OPERATING CASH IN BANK,,3.00,Clear Lake Palms
06/04/2025,1150 - OPERATING CASH IN BANK,,"1,775.00",Clear Lake Palms
06/04/2025,1150 - OPERATING CASH IN BANK,,9.50,Lakeside Condominiums
06/04/2025,1150 - OPERATING CASH IN BANK,,3.00,Lakeside Condominiums
06/04/2025,1150 - OPERATING CASH IN BANK,,"1,800.00",Lakeside Condominiums
06/04/2025,1150 - OPERATING CASH IN BANK,,9.50,Luna At Hollywood
06/04/2025,1150 - OPERATING CASH IN BANK,,3.00,Luna At Hollywood
06/04/2025,1150 - OPERATING CASH IN BANK,,"1,800.00",Luna At Hollywood
06/04/2025,1150 - OPERATING CASH IN BANK,,"1,075.00",Infinity Magnolia LLC
06/04/2025,1150 - OPERATING CASH IN BANK,,9.50,Infinity Magnolia LLC
06/04/2025,1150 - OPERATING CASH IN BANK,,3.00,Infinity Magnolia LLC
06/04/2025,1150 - OPERATING CASH IN BANK,,"1,100.00",Castle Creek Apartments
06/04/2025,1150 - OPERATING CASH IN BANK,,912.00,Castle Creek Apartments
06/04/2025,1150 - OPERATING CASH IN BANK,,855.00,Castle Creek Apartments
06/04/2025,1150 - OPERATING CASH IN BANK,,131.00,Castle Creek Apartments
06/04/2025,1150 - OPERATING CASH IN BANK,,566.00,Castle Creek Apartments
06/04/2025,1150 - OPERATING CASH IN BANK,,87.00,Castle Creek Apartments
06/04/2025,1150 - OPERATING CASH IN BANK,,566.00,Castle Creek Apartments
06/04/2025,1150 - OPERATING CASH IN BANK,,87.00,Castle Creek Apartments
06/04/2025,1150 - OPERATING CASH IN BANK,,566.00,Castle Creek Apartments
06/04/2025,1150 - OPERATING CASH IN BANK,,87.00,Castle Creek Apartments
06/04/2025,1150 - OPERATING CASH IN BANK,,733.00,Castle Creek Apartments
06/04/2025,1150 - OPERATING CASH IN BANK,,401.00,Castle Creek Apartments
06/04/2025,1150 - OPERATING CASH IN BANK,,10.50,Castle Creek Apartments
06/04/2025,1150 - OPERATING CASH IN BANK,,4.50,Castle Creek Apartments
06/04/2025,1150 - OPERATING CASH IN BANK,,814.00,Castle Creek Apartments
06/04/2025,1150 - OPERATING CASH IN BANK,,"1,060.00",Castle Creek Apartments
06/04/2025,1150 - OPERATING CASH IN BANK,,921.00,Castle Creek Apartments
06/04/2025,1150 - OPERATING CASH IN BANK,,903.00,Castle Creek Apartments
06/04/2025,1150 - OPERATING CASH IN BANK,,3.00,Castle Creek Apartments
06/04/2025,1150 - OPERATING CASH IN BANK,,80.82,Castle Creek Apartments
06/04/2025,1150 - OPERATING CASH IN BANK,,10.50,Castle Creek Apartments
06/04/2025,1150 - OPERATING CASH IN BANK,,4.50,Castle Creek Apartments
06/04/2025,1150 - OPERATING CASH IN BANK,,150.00,Castle Creek Apartments
06/04/2025,1150 - OPERATING CASH IN BANK,,350.00,Castle Creek Apartments
06/04/2025,1150 - OPERATING CASH IN BANK,,375.00,Castle Creek Apartments
06/04/2025,1150 - OPERATING CASH IN BANK,,10.50,Castle Creek Apartments
06/04/2025,1150 - OPERATING CASH IN BANK,,4.50,Castle Creek Apartments
06/04/2025,1150 - OPERATING CASH IN BANK,,150.00,Castle Creek Apartments
06/04/2025,1150 - OPERATING CASH IN BANK,,39.18,Castle Creek Apartments
06/04/2025,1405 - Building Improvements,,"1,759.32",Castle Creek Apartments
06/04/2025,1405 - Building Improvements,,"1,759.32",Castle Creek Apartments
06/04/2025,"1410 - Appliances, Furniture and Equipment",,340.19,Castle Creek Apartments
06/04/2025,"1410 - Appliances, Furniture and Equipment",,567.00,Castle Creek Apartments
06/04/2025,"1410 - Appliances, Furniture and Equipment",,626.40,Castle Creek Apartments
06/04/2025,"1410 - Appliances, Furniture and Equipment",,128.30,Castle Creek Apartments
06/04/2025,"1410 - Appliances, Furniture and Equipment",,17.28,Castle Creek Apartments
06/04/2025,"1410 - Appliances, Furniture and Equipment",,13.07,Castle Creek Apartments
06/04/2025,"1410 - Appliances, Furniture and Equipment",,19.29,Castle Creek Apartments
06/04/2025,"1410 - Appliances, Furniture and Equipment",,17.87,Castle Creek Apartments
06/04/2025,2101 - Allocated Security Deposit,,"1,775.00",Clear Lake Palms
06/04/2025,2101 - Allocated Security Deposit,,450.00,Parc Place Villas
06/04/2025,2101 - Allocated Security Deposit,,500.00,Infinity Magnolia LLC
06/04/2025,2101 - Allocated Security Deposit,500.00,,Infinity Magnolia LLC
06/04/2025,2101 - Allocated Security Deposit,,"1,030.00",South Bay Plantation
06/04/2025,2101 - Allocated Security Deposit,,"1,700.00",South Bay Plantation
06/04/2025,2120 - Security Deposits Clearing,725.00,,Clear Lake Palms
06/04/2025,2120 - Security Deposits Clearing,450.00,,Parc Place Villas
06/04/2025,2120 - Security Deposits Clearing,,"1,075.00",Royal Manor
06/04/2025,2120 - Security Deposits Clearing,"1,715.00",,South Bay Plantation
06/04/2025,2120 - Security Deposits Clearing,"1,700.00",,South Bay Plantation
06/04/2025,2201 - Loan Paid to BOFA  - Thornberry,,"20,040.00",Castle Creek Apartments
06/04/2025,2211 - Sales Tax Payable,5.96,,Collins Shopping Plaza
06/04/2025,2211 - Sales Tax Payable,367.06,,Collins Shopping Plaza
06/04/2025,2211 - Sales Tax Payable,375.09,,Collins Shopping Plaza
06/04/2025,2211 - Sales Tax Payable,61.17,,"Infinity Harding, LLC"
06/04/2025,2218 - Privilege Sale Tax,33.00,,Woodridge Manor
06/04/2025,2218 - Privilege Sale Tax,33.00,,Woodridge Manor
06/04/2025,2218 - Privilege Sale Tax,34.78,,Woodridge Manor
06/04/2025,4100 - Rent Income,"1,075.00",,Infinity Magnolia LLC
06/04/2025,4100 - Rent Income,"1,075.00",,Infinity Magnolia LLC
06/04/2025,4100 - Rent Income,"2,075.00",,Clear Lake Palms
06/04/2025,4100 - Rent Income,"1,075.00",,Infinity Magnolia LLC
06/04/2025,4100 - Rent Income,"1,100.00",,"Infinity Magnolia 2, LLC"
06/04/2025,4100 - Rent Income,"1,525.00",,Azure Villas
06/04/2025,4100 - Rent Income,"1,885.00",,Laguna Place
06/04/2025,4100 - Rent Income,"1,225.00",,Grove at Temple Terrace
06/04/2025,4100 - Rent Income,"1,025.00",,Infinity Magnolia LLC
06/04/2025,4100 - Rent Income,"1,850.00",,Lakeside Condominiums
06/04/2025,4100 - Rent Income,"1,000.00",,Castle Creek Apartments
06/04/2025,4100 - Rent Income,494.04,,Collins Shopping Plaza
06/04/2025,4100 - Rent Income,"1,200.00",,Parc Place Villas
06/04/2025,4100 - Rent Income,"2,275.00",,Luna At Hollywood
06/04/2025,4100 - Rent Income,"1,865.00",,Clear Lake Palms
06/04/2025,4100 - Rent Income,"1,125.00",,The Standard at 2690
06/04/2025,4100 - Rent Income,"1,050.00",,University Townhomes
06/04/2025,4100 - Rent Income,"1,200.00",,Parc Place Villas
06/04/2025,4100 - Rent Income,"1,625.00",,Lakeside Condominiums
06/04/2025,4100 - Rent Income,"1,000.00",,Castle Creek Apartments
06/04/2025,4100 - Rent Income,"1,500.00",,Azure Villas
06/04/2025,4100 - Rent Income,"1,815.00",,Azure Villas
06/04/2025,4100 - Rent Income,"1,450.00",,Parc Place Villas
06/04/2025,4100 - Rent Income,"1,575.00",,Clear Lake Palms
06/04/2025,4100 - Rent Income,"2,150.00",,Luna At Hollywood
06/04/2025,4100 - Rent Income,950.00,,Castle Creek Apartments
06/04/2025,4100 - Rent Income,"1,775.00",,Clear Lake Palms
06/04/2025,4100 - Rent Income,"2,075.00",,Clear Lake Palms
06/04/2025,4100 - Rent Income,"1,800.00",,Buena Vista
06/04/2025,4100 - Rent Income,"1,450.00",,Parc Place Villas
06/04/2025,4100 - Rent Income,"1,575.00",,Clear Lake Palms
06/04/2025,4100 - Rent Income,"1,815.00",,Azure Villas
06/04/2025,4100 - Rent Income,"1,175.00",,"Infinity Reserve at Waters, LLC"
06/04/2025,4100 - Rent Income,"2,275.00",,Lakeside Condominiums
06/04/2025,4100 - Rent Income,"1,865.00",,Clear Lake Palms
06/04/2025,4100 - Rent Income,"1,865.00",,Clear Lake Palms
06/04/2025,4100 - Rent Income,145.00,,Castle Creek Apartments
06/04/2025,4100 - Rent Income,"1,865.00",,Clear Lake Palms
06/04/2025,4100 - Rent Income,"1,650.00",,Lakeside Condominiums
06/04/2025,4100 - Rent Income,"1,750.00",,Lakeside Condominiums
06/04/2025,4100 - Rent Income,"1,575.00",,Clear Lake Palms
06/04/2025,4100 - Rent Income,"2,150.00",,Luna At Hollywood
06/04/2025,4100 - Rent Income,"1,865.00",,Clear Lake Palms
06/04/2025,4100 - Rent Income,"1,900.00",,South Bay Plantation
06/04/2025,4100 - Rent Income,238.00,,Royal Manor
06/04/2025,4100 - Rent Income,"1,650.00",,Buena Vista
06/04/2025,4100 - Rent Income,"1,500.00",,Grove at Temple Terrace
06/04/2025,4100 - Rent Income,"1,925.00",,Lakeside Condominiums
06/04/2025,4100 - Rent Income,"1,800.00",,Luna At Hollywood
06/04/2025,4100 - Rent Income,"1,375.00",,The Standard at 2690
06/04/2025,4100 - Rent Income,"1,075.00",,Infinity Magnolia LLC
06/04/2025,4100 - Rent Income,"1,250.00",,Buena Vista
06/04/2025,4100 - Rent Income,"2,100.00",,Lakeside Condominiums
06/04/2025,4100 - Rent Income,"1,075.00",,Infinity Magnolia LLC
06/04/2025,4100 - Rent Income,"1,075.00",,Infinity Magnolia LLC
06/04/2025,4100 - Rent Income,"1,025.00",,Infinity Magnolia LLC
06/04/2025,4100 - Rent Income,"1,865.00",,Clear Lake Palms
06/04/2025,4100 - Rent Income,"1,700.00",,Laguna Place
06/04/2025,4100 - Rent Income,"2,075.00",,Clear Lake Palms
06/04/2025,4100 - Rent Income,"1,425.00",,Clear Lake Palms
06/04/2025,4100 - Rent Income,"1,200.00",,Parc Place Villas
06/04/2025,4100 - Rent Income,"9,184.84",,Collins Shopping Plaza
06/04/2025,4100 - Rent Income,"1,900.00",,Lakeside Condominiums
06/04/2025,4100 - Rent Income,"2,150.00",,South Bay Plantation
06/04/2025,4100 - Rent Income,"1,075.00",,Infinity Magnolia LLC
06/04/2025,4100 - Rent Income,"1,350.00",,The Standard at 2690
06/04/2025,4100 - Rent Income,"1,105.00",,Royal Manor
06/04/2025,4100 - Rent Income,"1,275.00",,The Standard at 2690
06/04/2025,4100 - Rent Income,"1,050.00",,University Townhomes
06/04/2025,4100 - Rent Income,"1,600.00",,Laguna Place
06/04/2025,4100 - Rent Income,"1,575.00",,Clear Lake Palms
06/04/2025,4100 - Rent Income,985.00,,University Townhomes
06/04/2025,4100 - Rent Income,"1,425.00",,The Standard at 2690
06/04/2025,4100 - Rent Income,215.00,,University Townhomes
06/04/2025,4100 - Rent Income,"1,450.00",,Parc Place Villas
06/04/2025,4100 - Rent Income,"1,425.00",,Clear Lake Palms
06/04/2025,4100 - Rent Income,950.00,,Castle Creek Apartments
06/04/2025,4100 - Rent Income,500.00,,Castle Creek Apartments
06/04/2025,4100 - Rent Income,500.00,,Castle Creek Apartments
06/04/2025,4100 - Rent Income,200.00,,Castle Creek Apartments
06/04/2025,4100 - Rent Income,"1,405.00",,Clear Lake Palms
06/04/2025,4100 - Rent Income,"1,450.00",,The Standard at 2690
06/04/2025,4100 - Rent Income,"1,500.00",,Woodridge Manor
06/04/2025,4100 - Rent Income,"1,525.00",,Azure Villas
06/04/2025,4100 - Rent Income,"1,200.00",,University Townhomes
06/04/2025,4100 - Rent Income,830.00,,"Infinity Reserve at Waters, LLC"
06/04/2025,4100 - Rent Income,"1,050.00",,University Townhomes
06/04/2025,4100 - Rent Income,"1,885.00",,Laguna Place
06/04/2025,4100 - Rent Income,"1,575.00",,Clear Lake Palms
06/04/2025,4100 - Rent Income,"1,900.00",,Lakeside Condominiums
06/04/2025,4100 - Rent Income,"1,585.00",,Laguna Place
06/04/2025,4100 - Rent Income,"1,675.00",,Laguna Place
06/04/2025,4100 - Rent Income,170.50,,University Townhomes
06/04/2025,4100 - Rent Income,25.00,,Lakeside Condominiums
06/04/2025,4100 - Rent Income,"1,905.00",,Lakeside Condominiums
06/04/2025,4100 - Rent Income,"2,150.00",,South Bay Plantation
06/04/2025,4100 - Rent Income,"1,750.00",,Azure Villas
06/04/2025,4100 - Rent Income,"1,900.00",,Lakeside Condominiums
06/04/2025,4100 - Rent Income,"2,325.00",,The Oaks Apartments
06/04/2025,4100 - Rent Income,"1,865.00",,Clear Lake Palms
06/04/2025,4100 - Rent Income,"2,150.00",,South Bay Plantation
06/04/2025,4100 - Rent Income,985.00,,Buena Vista
06/04/2025,4100 - Rent Income,890.00,,Buena Vista
06/04/2025,4100 - Rent Income,"2,150.00",,South Bay Plantation
06/04/2025,4100 - Rent Income,"1,600.00",,Lakeside Condominiums
06/04/2025,4100 - Rent Income,"1,950.00",,Lakeside Condominiums
06/04/2025,4100 - Rent Income,"1,500.00",,Grove at Temple Terrace
06/04/2025,4100 - Rent Income,"1,900.00",,Lakeside Condominiums
06/04/2025,4100 - Rent Income,"1,200.00",,University Townhomes
06/04/2025,4100 - Rent Income,985.00,,University Townhomes
06/04/2025,4100 - Rent Income,215.00,,University Townhomes
06/04/2025,4100 - Rent Income,"1,000.00",,University Townhomes
06/04/2025,4100 - Rent Income,200.00,,University Townhomes
06/04/2025,4100 - Rent Income,"2,075.00",,Luna At Hollywood
06/04/2025,4100 - Rent Income,"1,485.00",,Laguna Place
06/04/2025,4100 - Rent Income,"1,200.00",,Castle Creek Apartments
06/04/2025,4100 - Rent Income,"1,050.00",,University Townhomes
06/04/2025,4100 - Rent Income,"1,249.00",,Buena Vista
06/04/2025,4100 - Rent Income,"2,275.00",,Luna At Hollywood
06/04/2025,4100 - Rent Income,"1,175.00",,Royal Manor
06/04/2025,4100 - Rent Income,"1,900.00",,Lakeside Condominiums
06/04/2025,4100 - Rent Income,"1,000.00",,Laguna Place
06/04/2025,4100 - Rent Income,585.00,,Laguna Place
06/04/2025,4100 - Rent Income,"1,000.00",,Buena Vista
06/04/2025,4100 - Rent Income,137.00,,Buena Vista
06/04/2025,4100 - Rent Income,"2,150.00",,South Bay Plantation
06/04/2025,4100 - Rent Income,483.93,,University Townhomes
06/04/2025,4100 - Rent Income,500.00,,University Townhomes
06/04/2025,4100 - Rent Income,465.00,,University Townhomes
06/04/2025,4100 - Rent Income,"1,900.00",,South Bay Plantation
06/04/2025,4100 - Rent Income,"2,075.00",,Clear Lake Palms
06/04/2025,4100 - Rent Income,"1,000.00",,Parc Place Villas
06/04/2025,4100 - Rent Income,450.00,,Parc Place Villas
06/04/2025,4100 - Rent Income,942.50,,Parc Place Villas
06/04/2025,4100 - Rent Income,"1,110.00",,Royal Manor
06/04/2025,4100 - Rent Income,985.00,,Buena Vista
06/04/2025,4100 - Rent Income,565.00,,Buena Vista
06/04/2025,4100 - Rent Income,881.00,,Buena Vista
06/04/2025,4100 - Rent Income,637.00,,Buena Vista
06/04/2025,4100 - Rent Income,,"1,925.00",Lakeside Condominiums
06/04/2025,4100 - Rent Income,,"1,075.00","Infinity Magnolia 2, LLC"
06/04/2025,4100 - Rent Income,,"1,474.50",Grove at Temple Terrace
06/04/2025,4100 - Rent Income,,930.00,Azure Villas
06/04/2025,4100 - Rent Income,,"1,150.00",Roselea Manor Apartments
06/04/2025,4100 - Rent Income,,"1,385.00",Parc Place Villas
06/04/2025,4100 - Rent Income,,985.00,Laguna Place
06/04/2025,4100 - Rent Income,"1,525.00",,The Standard at 2690
06/04/2025,4100 - Rent Income,"1,025.00",,Infinity Magnolia LLC
06/04/2025,4100 - Rent Income,"1,810.00",,Clear Lake Palms
06/04/2025,4100 - Rent Income,"1,750.00",,Azure Villas
06/04/2025,4100 - Rent Income,"1,535.00",,Parc Place Villas
06/04/2025,4100 - Rent Income,130.00,,Roselea Manor Apartments
06/04/2025,4100 - Rent Income,"1,795.00",,Azure Villas
06/04/2025,4100 - Rent Income,"1,230.00",,Midway Manor Apartments
06/04/2025,4100 - Rent Income,"1,300.00",,Infinity Magnolia LLC
06/04/2025,4100 - Rent Income,102.50,,Grove at Temple Terrace
06/04/2025,4100 - Rent Income,"1,000.00",,Parc Place Villas
06/04/2025,4100 - Rent Income,300.00,,Parc Place Villas
06/04/2025,4100 - Rent Income,930.00,,Azure Villas
06/04/2025,4100 - Rent Income,"1,350.00",,Parc Place Villas
06/04/2025,4100 - Rent Income,"1,200.00",,University Townhomes
06/04/2025,4100 - Rent Income,"1,865.00",,Clear Lake Palms
06/04/2025,4100 - Rent Income,"1,450.00",,Parc Place Villas
06/04/2025,4100 - Rent Income,"1,249.00",,Castle Creek Apartments
06/04/2025,4100 - Rent Income,"1,775.00",,Luna At Hollywood
06/04/2025,4100 - Rent Income,"1,488.00",,Grove at Temple Terrace
06/04/2025,4100 - Rent Income,486.00,,University Townhomes
06/04/2025,4100 - Rent Income,500.00,,University Townhomes
06/04/2025,4100 - Rent Income,214.00,,University Townhomes
06/04/2025,4100 - Rent Income,989.50,,University Townhomes
06/04/2025,4100 - Rent Income,210.50,,University Townhomes
06/04/2025,4100 - Rent Income,"1,075.00",,Infinity Magnolia LLC
06/04/2025,4100 - Rent Income,985.00,,The Standard at 2690
06/04/2025,4100 - Rent Income,365.00,,The Standard at 2690
06/04/2025,4100 - Rent Income,"1,450.00",,Grove at Temple Terrace
06/04/2025,4100 - Rent Income,"1,510.00",,Azure Villas
06/04/2025,4100 - Rent Income,987.02,,Laguna Place
06/04/2025,4100 - Rent Income,897.98,,Laguna Place
06/04/2025,4100 - Rent Income,337.81,,The Standard at 2690
06/04/2025,4100 - Rent Income,500.00,,The Standard at 2690
06/04/2025,4100 - Rent Income,500.00,,The Standard at 2690
06/04/2025,4100 - Rent Income,400.00,,The Standard at 2690
06/04/2025,4100 - Rent Income,900.00,,"Infinity Reserve at Waters, LLC"
06/04/2025,4100 - Rent Income,"1,862.50",,Lakeside Condominiums
06/04/2025,4100 - Rent Income,"1,900.00",,Lakeside Condominiums
06/04/2025,4100 - Rent Income,257.00,,Azure Villas
06/04/2025,4100 - Rent Income,"1,200.00",,Roselea Manor Apartments
06/04/2025,4100 - Rent Income,483.96,,University Townhomes
06/04/2025,4100 - Rent Income,500.00,,University Townhomes
06/04/2025,4100 - Rent Income,216.04,,University Townhomes
06/04/2025,4100 - Rent Income,"1,865.00",,Clear Lake Palms
06/04/2025,4100 - Rent Income,177.41,,Azure Villas
06/04/2025,4100 - Rent Income,"1,885.00",,Laguna Place
06/04/2025,4100 - Rent Income,280.00,,Azure Villas
06/04/2025,4100 - Rent Income,923.40,,Royal Manor
06/04/2025,4100 - Rent Income,"1,450.00",,Parc Place Villas
06/04/2025,4100 - Rent Income,932.50,,Clear Lake Palms
06/04/2025,4100 - Rent Income,"1,200.00",,Parc Place Villas
06/04/2025,4100 - Rent Income,"1,255.00",,Luna At Hollywood
06/04/2025,4100 - Rent Income,"1,750.00",,Infinity Las Casitas Apartments LLC
06/04/2025,4100 - Rent Income,"1,865.00",,Clear Lake Palms
06/04/2025,4100 - Rent Income,"1,800.00",,Buena Vista
06/04/2025,4100 - Rent Income,"1,865.00",,Clear Lake Palms
06/04/2025,4100 - Rent Income,"1,675.00",,Laguna Place
06/04/2025,4100 - Rent Income,"2,250.00",,Lakeside Condominiums
06/04/2025,4100 - Rent Income,"1,100.00",,Midway Manor Apartments
06/04/2025,4100 - Rent Income,245.00,,Royal Manor
06/04/2025,4100 - Rent Income,12.50,,Lakeside Condominiums
06/04/2025,4100 - Rent Income,"2,224.50",,Lakeside Condominiums
06/04/2025,4100 - Rent Income,"1,200.00",,University Townhomes
06/04/2025,4100 - Rent Income,"1,650.00",,Lakeside Condominiums
06/04/2025,4100 - Rent Income,"1,900.00",,Lakeside Condominiums
06/04/2025,4100 - Rent Income,"1,450.00",,University Townhomes
06/04/2025,4100 - Rent Income,"1,900.00",,South Bay Plantation
06/04/2025,4100 - Rent Income,985.00,,Castle Creek Apartments
06/04/2025,4100 - Rent Income,415.00,,Castle Creek Apartments
06/04/2025,4100 - Rent Income,"1,025.00",,Infinity Magnolia LLC
06/04/2025,4100 - Rent Income,0.50,,Parc Place Villas
06/04/2025,4100 - Rent Income,0.50,,Parc Place Villas
06/04/2025,4100 - Rent Income,"1,383.50",,Parc Place Villas
06/04/2025,4100 - Rent Income,"1,750.00",,Lakeside Condominiums
06/04/2025,4100 - Rent Income,"1,075.00",,Infinity Magnolia LLC
06/04/2025,4100 - Rent Income,"1,250.00",,Castle Creek Apartments
06/04/2025,4100 - Rent Income,"1,296.00",,The Standard at 2690
06/04/2025,4100 - Rent Income,850.00,,"Infinity Magnolia 2, LLC"
06/04/2025,4100 - Rent Income,987.50,,Azure Villas
06/04/2025,4100 - Rent Income,762.50,,Azure Villas
06/04/2025,4100 - Rent Income,487.50,,University Townhomes
06/04/2025,4100 - Rent Income,500.00,,University Townhomes
06/04/2025,4100 - Rent Income,"2,050.00",,Luna At Hollywood
06/04/2025,4100 - Rent Income,212.50,,University Townhomes
06/04/2025,4100 - Rent Income,900.00,,Infinity Magnolia LLC
06/04/2025,4100 - Rent Income,"1,775.00",,Luna At Hollywood
06/04/2025,4100 - Rent Income,"1,224.00",,Buena Vista
06/04/2025,4100 - Rent Income,"1,575.00",,Clear Lake Palms
06/04/2025,4100 - Rent Income,"1,200.00",,Parc Place Villas
06/04/2025,4100 - Rent Income,"1,600.00",,Buena Vista
06/04/2025,4100 - Rent Income,"1,600.00",,Lakeside Condominiums
06/04/2025,4100 - Rent Income,"1,850.00",,Lakeside Condominiums
06/04/2025,4100 - Rent Income,"1,800.00",,South Bay Plantation
06/04/2025,4100 - Rent Income,355.00,,Castle Creek Apartments
06/04/2025,4100 - Rent Income,508.00,,Castle Creek Apartments
06/04/2025,4100 - Rent Income,900.00,,Infinity Magnolia LLC
06/04/2025,4100 - Rent Income,"2,038.83",,"Infinity Harding, LLC"
06/04/2025,4100 - Rent Income,"1,535.00",,Parc Place Villas
06/04/2025,4100 - Rent Income,"1,885.00",,Laguna Place
06/04/2025,4100 - Rent Income,"1,074.50",,Infinity Magnolia LLC
06/04/2025,4100 - Rent Income,"1,306.67",,South Bay Plantation
06/04/2025,4100 - Rent Income,15.00,,South Bay Plantation
06/04/2025,4100 - Rent Income,"1,900.00",,Lakeside Condominiums
06/04/2025,4100 - Rent Income,"1,450.00",,The Standard at 2690
06/04/2025,4100 - Rent Income,"1,885.00",,Laguna Place
06/04/2025,4100 - Rent Income,"1,036.00",,Midway Manor Apartments
06/04/2025,4100 - Rent Income,685.00,,The Standard at 2690
06/04/2025,4100 - Rent Income,"2,250.00",,Lakeside Condominiums
06/04/2025,4100 - Rent Income,500.00,,The Standard at 2690
06/04/2025,4100 - Rent Income,190.00,,The Standard at 2690
06/04/2025,4100 - Rent Income,"1,900.00",,Lakeside Condominiums
06/04/2025,4100 - Rent Income,"1,650.00",,Roselea Manor Apartments
06/04/2025,4100 - Rent Income,485.00,,Parc Place Villas
06/04/2025,4100 - Rent Income,500.00,,Parc Place Villas
06/04/2025,4100 - Rent Income,400.00,,Parc Place Villas
06/04/2025,4100 - Rent Income,"1,700.00",,South Bay Plantation
06/04/2025,4100 - Rent Income,"1,585.00",,Laguna Place
06/04/2025,4100 - Rent Income,"1,200.00",,University Townhomes
06/04/2025,4100 - Rent Income,"1,075.00",,Infinity Magnolia LLC
06/04/2025,4100 - Rent Income,"1,075.00",,Infinity Magnolia LLC
06/04/2025,4100 - Rent Income,"1,000.00",,Buena Vista
06/04/2025,4100 - Rent Income,"1,085.00",,Castle Creek Apartments
06/04/2025,4100 - Rent Income,873.00,,Buena Vista
06/04/2025,4100 - Rent Income,"1,200.00",,University Townhomes
06/04/2025,4100 - Rent Income,"1,125.00",,University Townhomes
06/04/2025,4100 - Rent Income,897.50,,Azure Villas
06/04/2025,4100 - Rent Income,627.50,,Azure Villas
06/04/2025,4100 - Rent Income,"1,500.00",,Woodridge Manor
06/04/2025,4100 - Rent Income,"1,146.00",,Buena Vista
06/04/2025,4100 - Rent Income,"1,750.00",,Azure Villas
06/04/2025,4100 - Rent Income,80.00,,Clear Lake Palms
06/04/2025,4100 - Rent Income,405.00,,Clear Lake Palms
06/04/2025,4100 - Rent Income,500.00,,Clear Lake Palms
06/04/2025,4100 - Rent Income,"1,750.00",,Lakeside Condominiums
06/04/2025,4100 - Rent Income,500.00,,Clear Lake Palms
06/04/2025,4100 - Rent Income,300.00,,Clear Lake Palms
06/04/2025,4100 - Rent Income,"1,575.00",,Clear Lake Palms
06/04/2025,4100 - Rent Income,160.00,,Clear Lake Palms
06/04/2025,4100 - Rent Income,206.50,,Clear Lake Palms
06/04/2025,4100 - Rent Income,"1,000.00",,Buena Vista
06/04/2025,4100 - Rent Income,10.50,,Clear Lake Palms
06/04/2025,4100 - Rent Income,150.00,,Buena Vista
06/04/2025,4100 - Rent Income,"1,840.00",,Laguna Place
06/04/2025,4100 - Rent Income,900.00,,Infinity Magnolia LLC
06/04/2025,4100 - Rent Income,"1,075.00",,Infinity Magnolia LLC
06/04/2025,4100 - Rent Income,"1,300.00",,The Standard at 2690
06/04/2025,4100 - Rent Income,500.00,,Clear Lake Palms
06/04/2025,4100 - Rent Income,"1,400.00",,Castle Creek Apartments
06/04/2025,4100 - Rent Income,500.00,,Clear Lake Palms
06/04/2025,4100 - Rent Income,500.00,,Clear Lake Palms
06/04/2025,4100 - Rent Income,"1,885.00",,Laguna Place
06/04/2025,4100 - Rent Income,365.00,,Clear Lake Palms
06/04/2025,4100 - Rent Income,"1,700.00",,South Bay Plantation
06/04/2025,4100 - Rent Income,487.50,,Clear Lake Palms
06/04/2025,4100 - Rent Income,500.00,,Clear Lake Palms
06/04/2025,4100 - Rent Income,"2,250.00",,Lakeside Condominiums
06/04/2025,4100 - Rent Income,"1,675.00",,Laguna Place
06/04/2025,4100 - Rent Income,500.00,,Clear Lake Palms
06/04/2025,4100 - Rent Income,"1,474.50",,Grove at Temple Terrace
06/04/2025,4100 - Rent Income,"1,450.00",,Parc Place Villas
06/04/2025,4100 - Rent Income,"2,275.00",,Luna At Hollywood
06/04/2025,4100 - Rent Income,377.50,,Clear Lake Palms
06/04/2025,4100 - Rent Income,850.00,,Infinity Magnolia LLC
06/04/2025,4100 - Rent Income,1.26,,Clear Lake Palms
06/04/2025,4100 - Rent Income,153.00,,Clear Lake Palms
06/04/2025,4100 - Rent Income,"1,250.00",,"Infinity Reserve at Waters, LLC"
06/04/2025,4100 - Rent Income,"1,550.00",,Buena Vista
06/04/2025,4100 - Rent Income,"1,150.00",,Roselea Manor Apartments
06/04/2025,4100 - Rent Income,"1,775.00",,Clear Lake Palms
06/04/2025,4100 - Rent Income,"2,050.00",,Luna At Hollywood
06/04/2025,4100 - Rent Income,85.00,,Lakeside Condominiums
06/04/2025,4100 - Rent Income,"1,800.00",,Lakeside Condominiums
06/04/2025,4100 - Rent Income,"1,615.00",,Laguna Place
06/04/2025,4100 - Rent Income,"1,300.00",,Infinity Magnolia LLC
06/04/2025,4100 - Rent Income,"1,825.00",,Lakeside Condominiums
06/04/2025,4100 - Rent Income,"1,300.00",,Infinity Las Casitas Apartments LLC
06/04/2025,4100 - Rent Income,"1,275.00",,The Standard at 2690
06/04/2025,4100 - Rent Income,"1,750.00",,Lakeside Condominiums
06/04/2025,4100 - Rent Income,"1,000.00",,The Standard at 2690
06/04/2025,4100 - Rent Income,"1,450.00",,The Standard at 2690
06/04/2025,4100 - Rent Income,875.00,,The Standard at 2690
06/04/2025,4100 - Rent Income,"1,175.00",,"Infinity Reserve at Waters, LLC"
06/04/2025,4100 - Rent Income,959.00,,Azure Villas
06/04/2025,4100 - Rent Income,"1,050.00",,"Infinity Reserve at Waters, LLC"
06/04/2025,4100 - Rent Income,37.50,,Azure Villas
06/04/2025,4100 - Rent Income,500.00,,Azure Villas
06/04/2025,4100 - Rent Income,30.00,,South Bay Plantation
06/04/2025,4100 - Rent Income,"2,070.00",,South Bay Plantation
06/04/2025,4100 - Rent Income,"1,150.00",,Roselea Manor Apartments
06/04/2025,4100 - Rent Income,500.00,,Azure Villas
06/04/2025,4100 - Rent Income,397.50,,Azure Villas
06/04/2025,4100 - Rent Income,"1,025.00",,Infinity Magnolia LLC
06/04/2025,4100 - Rent Income,"1,250.00",,Roselea Manor Apartments
06/04/2025,4100 - Rent Income,"1,900.00",,Laguna Place
06/04/2025,4100 - Rent Income,"1,900.00",,Lakeside Condominiums
06/04/2025,4100 - Rent Income,"1,900.00",,South Bay Plantation
06/04/2025,4100 - Rent Income,"2,075.00",,Clear Lake Palms
06/04/2025,4100 - Rent Income,"1,000.00",,Castle Creek Apartments
06/04/2025,4100 - Rent Income,"1,900.00",,Laguna Place
06/04/2025,4100 - Rent Income,"1,350.00",,Castle Creek Apartments
06/04/2025,4100 - Rent Income,"1,000.00",,Buena Vista
06/04/2025,4100 - Rent Income,800.00,,Buena Vista
06/04/2025,4100 - Rent Income,"1,175.00",,"Infinity Reserve at Waters, LLC"
06/04/2025,4100 - Rent Income,850.00,,Infinity Magnolia LLC
06/04/2025,4100 - Rent Income,"1,575.00",,Clear Lake Palms
06/04/2025,4100 - Rent Income,"1,450.00",,Parc Place Villas
06/04/2025,4100 - Rent Income,850.00,,"Infinity Magnolia 2, LLC"
06/04/2025,4100 - Rent Income,"2,075.00",,Clear Lake Palms
06/04/2025,4100 - Rent Income,"1,775.00",,Clear Lake Palms
06/04/2025,4100 - Rent Income,"1,075.00",,Luna At Hollywood
06/04/2025,4100 - Rent Income,"1,487.50",,Laguna Place
06/04/2025,4100 - Rent Income,410.00,,Laguna Place
06/04/2025,4100 - Rent Income,"1,000.00",,Castle Creek Apartments
06/04/2025,4100 - Rent Income,"1,900.00",,South Bay Plantation
06/04/2025,4100 - Rent Income,340.00,,South Bay Plantation
06/04/2025,4100 - Rent Income,"1,415.00",,Laguna Place
06/04/2025,4100 - Rent Income,"2,050.00",,Luna At Hollywood
06/04/2025,4100 - Rent Income,"1,375.00",,The Standard at 2690
06/04/2025,4100 - Rent Income,"2,150.00",,South Bay Plantation
06/04/2025,4100 - Rent Income,214.00,,Parc Place Villas
06/04/2025,4100 - Rent Income,850.00,,"Infinity Magnolia 2, LLC"
06/04/2025,4100 - Rent Income,900.00,,Infinity Magnolia LLC
06/04/2025,4100 - Rent Income,"2,150.00",,South Bay Plantation
06/04/2025,4100 - Rent Income,"1,900.00",,South Bay Plantation
06/04/2025,4100 - Rent Income,"1,446.00",,Parc Place Villas
06/04/2025,4100 - Rent Income,"1,075.00",,Luna At Hollywood
06/04/2025,4100 - Rent Income,"1,500.00",,Infinity Las Casitas Apartments LLC
06/04/2025,4100 - Rent Income,"2,275.00",,Luna At Hollywood
06/04/2025,4100 - Rent Income,"1,500.00",,Azure Villas
06/04/2025,4100 - Rent Income,"1,700.00",,South Bay Plantation
06/04/2025,4100 - Rent Income,"1,525.00",,The Standard at 2690
06/04/2025,4100 - Rent Income,"1,450.00",,Parc Place Villas
06/04/2025,4100 - Rent Income,"1,885.00",,Laguna Place
06/04/2025,4100 - Rent Income,674.50,,Grove at Temple Terrace
06/04/2025,4100 - Rent Income,"1,900.00",,Lakeside Condominiums
06/04/2025,4100 - Rent Income,"1,240.00",,Grove at Temple Terrace
06/04/2025,4100 - Rent Income,"1,865.00",,Clear Lake Palms
06/04/2025,4100 - Rent Income,"1,020.00",,"Infinity Reserve at Waters, LLC"
06/04/2025,4100 - Rent Income,"1,450.00",,Parc Place Villas
06/04/2025,4100 - Rent Income,"1,200.00",,Parc Place Villas
06/04/2025,4100 - Rent Income,"1,100.00",,Castle Creek Apartments
06/04/2025,4100 - Rent Income,"1,600.00",,Buena Vista
06/04/2025,4100 - Rent Income,"1,000.00",,"Infinity Magnolia 2, LLC"
06/04/2025,4100 - Rent Income,"1,252.00",,Buena Vista
06/04/2025,4100 - Rent Income,215.00,,Midway Manor Apartments
06/04/2025,4100 - Rent Income,"2,150.00",,South Bay Plantation
06/04/2025,4100 - Rent Income,840.00,,Clear Lake Palms
06/04/2025,4100 - Rent Income,"1,550.00",,Roselea Manor Apartments
06/04/2025,4100 - Rent Income,"1,000.00",,"Infinity Magnolia 2, LLC"
06/04/2025,4100 - Rent Income,"1,485.00",,Laguna Place
06/04/2025,4100 - Rent Income,"1,075.00",,Infinity Magnolia LLC
06/04/2025,4100 - Rent Income,"1,425.00",,The Standard at 2690
06/04/2025,4100 - Rent Income,"1,200.00",,University Townhomes
06/04/2025,4100 - Rent Income,"1,750.00",,Azure Villas
06/04/2025,4100 - Rent Income,"1,900.00",,Lakeside Condominiums
06/04/2025,4100 - Rent Income,"1,800.00",,Infinity Las Casitas Apartments LLC
06/04/2025,4100 - Rent Income,"1,775.00",,Clear Lake Palms
06/04/2025,4100 - Rent Income,"1,450.00",,Roselea Manor Apartments
06/04/2025,4100 - Rent Income,"1,564.00",,Buena Vista
06/04/2025,4100 - Rent Income,"1,865.00",,Clear Lake Palms
06/04/2025,4100 - Rent Income,"1,775.00",,Clear Lake Palms
06/04/2025,4100 - Rent Income,"1,188.00",,Laguna Place
06/04/2025,4100 - Rent Income,255.00,,Woodridge Manor
06/04/2025,4100 - Rent Income,740.00,,Woodridge Manor
06/04/2025,4100 - Rent Income,"1,600.00",,Laguna Place
06/04/2025,4100 - Rent Income,"1,550.00",,Lakeside Condominiums
06/04/2025,4100 - Rent Income,"1,222.00",,Buena Vista
06/04/2025,4100 - Rent Income,"1,485.00",,Laguna Place
06/04/2025,4100 - Rent Income,"1,450.00",,Parc Place Villas
06/04/2025,4100 - Rent Income,"1,430.50",,Roselea Manor Apartments
06/04/2025,4100 - Rent Income,"1,750.00",,Lakeside Condominiums
06/04/2025,4100 - Rent Income,"1,400.00",,Castle Creek Apartments
06/04/2025,4100 - Rent Income,"1,900.00",,South Bay Plantation
06/04/2025,4100 - Rent Income,"1,075.00",,Infinity Magnolia LLC
06/04/2025,4100 - Rent Income,900.00,,The Standard at 2690
06/04/2025,4100 - Rent Income,"1,400.00",,Castle Creek Apartments
06/04/2025,4100 - Rent Income,"1,865.00",,Clear Lake Palms
06/04/2025,4100 - Rent Income,"1,425.00",,Grove at Temple Terrace
06/04/2025,4100 - Rent Income,"1,750.00",,Azure Villas
06/04/2025,4100 - Rent Income,"1,200.00",,Parc Place Villas
06/04/2025,4100 - Rent Income,0.49,,"Infinity Magnolia 2, LLC"
06/04/2025,4100 - Rent Income,999.51,,"Infinity Magnolia 2, LLC"
06/04/2025,4100 - Rent Income,"1,224.00",,Midway Manor Apartments
06/04/2025,4100 - Rent Income,"2,150.00",,South Bay Plantation
06/04/2025,4100 - Rent Income,"1,175.00",,"Infinity Reserve at Waters, LLC"
06/04/2025,4100 - Rent Income,"1,875.00",,The Standard at 2690
06/04/2025,4100 - Rent Income,"1,175.00",,"Infinity Reserve at Waters, LLC"
06/04/2025,4100 - Rent Income,"1,750.00",,Azure Villas
06/04/2025,4100 - Rent Income,"1,175.00",,"Infinity Reserve at Waters, LLC"
06/04/2025,4100 - Rent Income,"1,575.00",,Clear Lake Palms
06/04/2025,4100 - Rent Income,"1,585.00",,Laguna Place
06/04/2025,4100 - Rent Income,"1,650.00",,Roselea Manor Apartments
06/04/2025,4100 - Rent Income,"1,075.00",,Infinity Magnolia LLC
06/04/2025,4100 - Rent Income,"2,250.00",,Lakeside Condominiums
06/04/2025,4100 - Rent Income,"1,350.00",,Parc Place Villas
06/04/2025,4100 - Rent Income,850.00,,Infinity Magnolia LLC
06/04/2025,4100 - Rent Income,"1,500.00",,Azure Villas
06/04/2025,4100 - Rent Income,"1,450.00",,Azure Villas
06/04/2025,4100 - Rent Income,"1,020.00",,"Infinity Reserve at Waters, LLC"
06/04/2025,4100 - Rent Income,"1,450.00",,Parc Place Villas
06/04/2025,4100 - Rent Income,"1,525.00",,Azure Villas
06/04/2025,4100 - Rent Income,"2,050.00",,Luna At Hollywood
06/04/2025,4100 - Rent Income,"1,000.00",,"Infinity Magnolia 2, LLC"
06/04/2025,4100 - Rent Income,47.50,,Parc Place Villas
06/04/2025,4100 - Rent Income,128.00,,Parc Place Villas
06/04/2025,4100 - Rent Income,"1,650.00",,Luna At Hollywood
06/04/2025,4100 - Rent Income,"1,865.00",,Clear Lake Palms
06/04/2025,4100 - Rent Income,"1,900.00",,Lakeside Condominiums
06/04/2025,4100 - Rent Income,"1,900.00",,South Bay Plantation
06/04/2025,4100 - Rent Income,"1,525.00",,Azure Villas
06/04/2025,4100 - Rent Income,"1,920.00",,South Bay Plantation
06/04/2025,4100 - Rent Income,20.00,,South Bay Plantation
06/04/2025,4100 - Rent Income,37.50,,Roselea Manor Apartments
06/04/2025,4100 - Rent Income,"1,305.00",,Roselea Manor Apartments
06/04/2025,4100 - Rent Income,"1,575.00",,Clear Lake Palms
06/04/2025,4100 - Rent Income,"1,050.00",,"Infinity Reserve at Waters, LLC"
06/04/2025,4100 - Rent Income,"1,175.00",,"Infinity Reserve at Waters, LLC"
06/04/2025,4100 - Rent Income,"1,450.00",,Parc Place Villas
06/04/2025,4100 - Rent Income,"1,525.00",,Azure Villas
06/04/2025,4100 - Rent Income,"1,750.00",,Lakeside Condominiums
06/04/2025,4100 - Rent Income,"2,250.00",,Lakeside Condominiums
06/04/2025,4100 - Rent Income,"2,275.00",,Lakeside Condominiums
06/04/2025,4100 - Rent Income,"1,525.00",,Azure Villas
06/04/2025,4100 - Rent Income,"1,375.00",,The Standard at 2690
06/04/2025,4100 - Rent Income,"1,862.50",,Lakeside Condominiums
06/04/2025,4100 - Rent Income,"2,150.00",,South Bay Plantation
06/04/2025,4100 - Rent Income,"1,424.50",,Grove at Temple Terrace
06/04/2025,4100 - Rent Income,"1,275.00",,The Standard at 2690
06/04/2025,4100 - Rent Income,"1,900.00",,Laguna Place
06/04/2025,4100 - Rent Income,"1,200.00",,Royal Manor
06/04/2025,4100 - Rent Income,"2,075.00",,Clear Lake Palms
06/04/2025,4100 - Rent Income,"1,450.00",,Azure Villas
06/04/2025,4100 - Rent Income,"1,950.00",,Roselea Manor Apartments
06/04/2025,4100 - Rent Income,"2,800.00",,The Oaks Apartments
06/04/2025,4100 - Rent Income,"2,275.00",,Lakeside Condominiums
06/04/2025,4100 - Rent Income,"1,450.00",,Parc Place Villas
06/04/2025,4100 - Rent Income,"1,361.67",,Azure Villas
06/04/2025,4100 - Rent Income,"2,150.00",,South Bay Plantation
06/04/2025,4100 - Rent Income,140.00,,Castle Creek Apartments
06/04/2025,4100 - Rent Income,"1,375.00",,The Standard at 2690
06/04/2025,4100 - Rent Income,"1,350.00",,Roselea Manor Apartments
06/04/2025,4100 - Rent Income,"2,150.00",,South Bay Plantation
06/04/2025,4100 - Rent Income,"1,475.00",,Grove at Temple Terrace
06/04/2025,4100 - Rent Income,"1,764.00",,Buena Vista
06/04/2025,4100 - Rent Income,"2,075.00",,Clear Lake Palms
06/04/2025,4100 - Rent Income,"1,865.00",,Clear Lake Palms
06/04/2025,4100 - Rent Income,"1,775.00",,Clear Lake Palms
06/04/2025,4100 - Rent Income,"1,900.00",,Lakeside Condominiums
06/04/2025,4100 - Rent Income,"1,575.00",,Clear Lake Palms
06/04/2025,4100 - Rent Income,"1,900.00",,Laguna Place
06/04/2025,4100 - Rent Income,"1,350.00",,Parc Place Villas
06/04/2025,4100 - Rent Income,"1,885.00",,Laguna Place
06/04/2025,4100 - Rent Income,"2,075.00",,Clear Lake Palms
06/04/2025,4100 - Rent Income,"1,475.00",,Grove at Temple Terrace
06/04/2025,4100 - Rent Income,"1,425.00",,Grove at Temple Terrace
06/04/2025,4100 - Rent Income,"1,000.00",,"Infinity Magnolia 2, LLC"
06/04/2025,4100 - Rent Income,"1,075.00",,Infinity Magnolia LLC
06/04/2025,4100 - Rent Income,"1,699.50",,Woodridge Manor
06/04/2025,4100 - Rent Income,"1,450.00",,University Townhomes
06/04/2025,4100 - Rent Income,"1,425.00",,Infinity Las Casitas Apartments LLC
06/04/2025,4100 - Rent Income,"1,675.00",,Buena Vista
06/04/2025,4100 - Rent Income,"1,900.00",,Lakeside Condominiums
06/04/2025,4100 - Rent Income,"1,925.00",,Lakeside Condominiums
06/04/2025,4100 - Rent Income,"1,000.00",,"Infinity Magnolia 2, LLC"
06/04/2025,4100 - Rent Income,"1,575.00",,Clear Lake Palms
06/04/2025,4100 - Rent Income,"1,525.00",,Azure Villas
06/04/2025,4100 - Rent Income,"1,075.00",,Infinity Magnolia LLC
06/04/2025,4100 - Rent Income,887.50,,Buena Vista
06/04/2025,4100 - Rent Income,"2,050.00",,Luna At Hollywood
06/04/2025,4100 - Rent Income,"1,175.00",,"Infinity Reserve at Waters, LLC"
06/04/2025,4100 - Rent Income,"1,215.00",,Luna At Hollywood
06/04/2025,4100 - Rent Income,"1,075.00",,Infinity Magnolia LLC
06/04/2025,4100 - Rent Income,"1,581.00",,Woodridge Manor
06/04/2025,4100 - Rent Income,"1,750.00",,Lakeside Condominiums
06/04/2025,4100 - Rent Income,"1,341.00",,Buena Vista
06/04/2025,4100 - Rent Income,"1,150.00",,Parc Place Villas
06/04/2025,4100 - Rent Income,"2,275.00",,Luna At Hollywood
06/04/2025,4100 - Rent Income,929.00,,Castle Creek Apartments
06/04/2025,4100 - Rent Income,539.00,,Clear Lake Palms
06/04/2025,4100 - Rent Income,"1,450.00",,Parc Place Villas
06/04/2025,4100 - Rent Income,"1,525.00",,Azure Villas
06/04/2025,4100 - Rent Income,"1,820.00",,Luna At Hollywood
06/04/2025,4100 - Rent Income,"1,475.00",,Woodridge Manor
06/04/2025,4100 - Rent Income,"1,450.00",,Parc Place Villas
06/04/2025,4100 - Rent Income,"1,200.00",,Parc Place Villas
06/04/2025,4100 - Rent Income,"1,775.00",,Clear Lake Palms
06/04/2025,4100 - Rent Income,"1,800.00",,Lakeside Condominiums
06/04/2025,4100 - Rent Income,"1,800.00",,Luna At Hollywood
06/04/2025,4100 - Rent Income,"1,075.00",,Infinity Magnolia LLC
06/04/2025,4100 - Rent Income,87.00,,Castle Creek Apartments
06/04/2025,4100 - Rent Income,401.00,,Castle Creek Apartments
06/04/2025,4100 - Rent Income,80.82,,Castle Creek Apartments
06/04/2025,4100 - Rent Income,375.00,,Castle Creek Apartments
06/04/2025,4104 - Rent Income HUD,946.00,,Midway Manor Apartments
06/04/2025,4104 - Rent Income HUD,"1,138.00",,Midway Manor Apartments
06/04/2025,4104 - Rent Income HUD,"1,231.00",,Midway Manor Apartments
06/04/2025,4104 - Rent Income HUD,"1,090.00",,Midway Manor Apartments
06/04/2025,4104 - Rent Income HUD,865.00,,Midway Manor Apartments
06/04/2025,4104 - Rent Income HUD,"1,101.00",,Midway Manor Apartments
06/04/2025,4104 - Rent Income HUD,914.00,,Midway Manor Apartments
06/04/2025,4104 - Rent Income HUD,916.00,,Azure Villas
06/04/2025,4104 - Rent Income HUD,"1,204.00",,Clear Lake Palms
06/04/2025,4104 - Rent Income HUD,866.00,,Royal Manor
06/04/2025,4104 - Rent Income HUD,873.00,,Royal Manor
06/04/2025,4104 - Rent Income HUD,787.00,,Royal Manor
06/04/2025,4104 - Rent Income HUD,"1,023.00",,Royal Manor
06/04/2025,4104 - Rent Income HUD,586.00,,Royal Manor
06/04/2025,4104 - Rent Income HUD,833.00,,Royal Manor
06/04/2025,4104 - Rent Income HUD,982.00,,Royal Manor
06/04/2025,4104 - Rent Income HUD,595.00,,Royal Manor
06/04/2025,4104 - Rent Income HUD,879.00,,Royal Manor
06/04/2025,4104 - Rent Income HUD,890.00,,Royal Manor
06/04/2025,4104 - Rent Income HUD,416.00,,Castle Creek Apartments
06/04/2025,4104 - Rent Income HUD,3.00,,Castle Creek Apartments
06/04/2025,4104 - Rent Income HUD,328.00,,Royal Manor
06/04/2025,4104 - Rent Income HUD,753.00,,Royal Manor
06/04/2025,4104 - Rent Income HUD,"1,100.00",,Castle Creek Apartments
06/04/2025,4104 - Rent Income HUD,912.00,,Castle Creek Apartments
06/04/2025,4104 - Rent Income HUD,855.00,,Castle Creek Apartments
06/04/2025,4104 - Rent Income HUD,131.00,,Castle Creek Apartments
06/04/2025,4104 - Rent Income HUD,566.00,,Castle Creek Apartments
06/04/2025,4104 - Rent Income HUD,87.00,,Castle Creek Apartments
06/04/2025,4104 - Rent Income HUD,566.00,,Castle Creek Apartments
06/04/2025,4104 - Rent Income HUD,87.00,,Castle Creek Apartments
06/04/2025,4104 - Rent Income HUD,566.00,,Castle Creek Apartments
06/04/2025,4104 - Rent Income HUD,733.00,,Castle Creek Apartments
06/04/2025,4104 - Rent Income HUD,814.00,,Castle Creek Apartments
06/04/2025,4104 - Rent Income HUD,"1,060.00",,Castle Creek Apartments
06/04/2025,4104 - Rent Income HUD,921.00,,Castle Creek Apartments
06/04/2025,4104 - Rent Income HUD,903.00,,Castle Creek Apartments
06/04/2025,4104 - Rent Income HUD,39.18,,Castle Creek Apartments
06/04/2025,4105 - Tenant Reimbursement: CAM,"2,476.17",,Collins Shopping Plaza
06/04/2025,4106 - Tenant Reimbursement: RETAX,841.91,,Collins Shopping Plaza
06/04/2025,4111 - Administration Fee Income,4.50,,Castle Creek Apartments
06/04/2025,4111 - Administration Fee Income,9.50,,"Infinity Reserve at Waters, LLC"
06/04/2025,4111 - Administration Fee Income,9.50,,"Infinity Reserve at Waters, LLC"
06/04/2025,4111 - Administration Fee Income,9.50,,"Infinity Reserve at Waters, LLC"
06/04/2025,4111 - Administration Fee Income,9.50,,"Infinity Reserve at Waters, LLC"
06/04/2025,4111 - Administration Fee Income,9.50,,"Infinity Reserve at Waters, LLC"
06/04/2025,4210 - Concessions,,340.00,South Bay Plantation
06/04/2025,4215 - Renters Insurance Income,10.50,,Midway Manor Apartments
06/04/2025,4215 - Renters Insurance Income,4.50,,Midway Manor Apartments
06/04/2025,4215 - Renters Insurance Income,10.50,,Infinity Magnolia LLC
06/04/2025,4215 - Renters Insurance Income,4.50,,Infinity Magnolia LLC
06/04/2025,4215 - Renters Insurance Income,10.50,,Infinity Magnolia LLC
06/04/2025,4215 - Renters Insurance Income,4.50,,Infinity Magnolia LLC
06/04/2025,4215 - Renters Insurance Income,9.50,,Clear Lake Palms
06/04/2025,4215 - Renters Insurance Income,3.00,,Clear Lake Palms
06/04/2025,4215 - Renters Insurance Income,9.50,,Infinity Magnolia LLC
06/04/2025,4215 - Renters Insurance Income,3.00,,Infinity Magnolia LLC
06/04/2025,4215 - Renters Insurance Income,9.50,,"Infinity Magnolia 2, LLC"
06/04/2025,4215 - Renters Insurance Income,3.00,,"Infinity Magnolia 2, LLC"
06/04/2025,4215 - Renters Insurance Income,9.50,,Azure Villas
06/04/2025,4215 - Renters Insurance Income,3.00,,Azure Villas
06/04/2025,4215 - Renters Insurance Income,3.00,,Laguna Place
06/04/2025,4215 - Renters Insurance Income,10.50,,Grove at Temple Terrace
06/04/2025,4215 - Renters Insurance Income,4.50,,Grove at Temple Terrace
06/04/2025,4215 - Renters Insurance Income,10.50,,Infinity Magnolia LLC
06/04/2025,4215 - Renters Insurance Income,4.50,,Infinity Magnolia LLC
06/04/2025,4215 - Renters Insurance Income,9.50,,Lakeside Condominiums
06/04/2025,4215 - Renters Insurance Income,3.00,,Lakeside Condominiums
06/04/2025,4215 - Renters Insurance Income,10.50,,Castle Creek Apartments
06/04/2025,4215 - Renters Insurance Income,4.50,,Castle Creek Apartments
06/04/2025,4215 - Renters Insurance Income,9.50,,Parc Place Villas
06/04/2025,4215 - Renters Insurance Income,3.00,,Parc Place Villas
06/04/2025,4215 - Renters Insurance Income,9.50,,Luna At Hollywood
06/04/2025,4215 - Renters Insurance Income,3.00,,Luna At Hollywood
06/04/2025,4215 - Renters Insurance Income,9.50,,Clear Lake Palms
06/04/2025,4215 - Renters Insurance Income,3.00,,Clear Lake Palms
06/04/2025,4215 - Renters Insurance Income,10.50,,The Standard at 2690
06/04/2025,4215 - Renters Insurance Income,4.50,,The Standard at 2690
06/04/2025,4215 - Renters Insurance Income,9.50,,University Townhomes
06/04/2025,4215 - Renters Insurance Income,3.00,,University Townhomes
06/04/2025,4215 - Renters Insurance Income,10.50,,Parc Place Villas
06/04/2025,4215 - Renters Insurance Income,4.50,,Parc Place Villas
06/04/2025,4215 - Renters Insurance Income,9.50,,Lakeside Condominiums
06/04/2025,4215 - Renters Insurance Income,3.00,,Lakeside Condominiums
06/04/2025,4215 - Renters Insurance Income,10.50,,Castle Creek Apartments
06/04/2025,4215 - Renters Insurance Income,4.50,,Castle Creek Apartments
06/04/2025,4215 - Renters Insurance Income,9.50,,Azure Villas
06/04/2025,4215 - Renters Insurance Income,3.00,,Azure Villas
06/04/2025,4215 - Renters Insurance Income,9.50,,Azure Villas
06/04/2025,4215 - Renters Insurance Income,3.00,,Azure Villas
06/04/2025,4215 - Renters Insurance Income,9.50,,Parc Place Villas
06/04/2025,4215 - Renters Insurance Income,3.00,,Parc Place Villas
06/04/2025,4215 - Renters Insurance Income,9.50,,Clear Lake Palms
06/04/2025,4215 - Renters Insurance Income,3.00,,Clear Lake Palms
06/04/2025,4215 - Renters Insurance Income,9.50,,Luna At Hollywood
06/04/2025,4215 - Renters Insurance Income,3.00,,Luna At Hollywood
06/04/2025,4215 - Renters Insurance Income,10.50,,Castle Creek Apartments
06/04/2025,4215 - Renters Insurance Income,4.50,,Castle Creek Apartments
06/04/2025,4215 - Renters Insurance Income,9.50,,Clear Lake Palms
06/04/2025,4215 - Renters Insurance Income,3.00,,Clear Lake Palms
06/04/2025,4215 - Renters Insurance Income,10.50,,Clear Lake Palms
06/04/2025,4215 - Renters Insurance Income,4.50,,Clear Lake Palms
06/04/2025,4215 - Renters Insurance Income,10.50,,Buena Vista
06/04/2025,4215 - Renters Insurance Income,4.50,,Buena Vista
06/04/2025,4215 - Renters Insurance Income,10.50,,Parc Place Villas
06/04/2025,4215 - Renters Insurance Income,4.50,,Parc Place Villas
06/04/2025,4215 - Renters Insurance Income,10.50,,Clear Lake Palms
06/04/2025,4215 - Renters Insurance Income,4.50,,Clear Lake Palms
06/04/2025,4215 - Renters Insurance Income,9.50,,Azure Villas
06/04/2025,4215 - Renters Insurance Income,3.00,,Azure Villas
06/04/2025,4215 - Renters Insurance Income,3.00,,"Infinity Reserve at Waters, LLC"
06/04/2025,4215 - Renters Insurance Income,9.50,,Lakeside Condominiums
06/04/2025,4215 - Renters Insurance Income,3.00,,Lakeside Condominiums
06/04/2025,4215 - Renters Insurance Income,10.50,,Clear Lake Palms
06/04/2025,4215 - Renters Insurance Income,4.50,,Clear Lake Palms
06/04/2025,4215 - Renters Insurance Income,9.50,,Clear Lake Palms
06/04/2025,4215 - Renters Insurance Income,3.00,,Clear Lake Palms
06/04/2025,4215 - Renters Insurance Income,2.50,,Castle Creek Apartments
06/04/2025,4215 - Renters Insurance Income,4.50,,Castle Creek Apartments
06/04/2025,4215 - Renters Insurance Income,10.50,,Clear Lake Palms
06/04/2025,4215 - Renters Insurance Income,4.50,,Clear Lake Palms
06/04/2025,4215 - Renters Insurance Income,9.50,,Lakeside Condominiums
06/04/2025,4215 - Renters Insurance Income,3.00,,Lakeside Condominiums
06/04/2025,4215 - Renters Insurance Income,10.50,,Lakeside Condominiums
06/04/2025,4215 - Renters Insurance Income,4.50,,Lakeside Condominiums
06/04/2025,4215 - Renters Insurance Income,9.50,,Clear Lake Palms
06/04/2025,4215 - Renters Insurance Income,3.00,,Clear Lake Palms
06/04/2025,4215 - Renters Insurance Income,10.50,,Luna At Hollywood
06/04/2025,4215 - Renters Insurance Income,4.50,,Luna At Hollywood
06/04/2025,4215 - Renters Insurance Income,10.50,,Clear Lake Palms
06/04/2025,4215 - Renters Insurance Income,4.50,,Clear Lake Palms
06/04/2025,4215 - Renters Insurance Income,10.50,,South Bay Plantation
06/04/2025,4215 - Renters Insurance Income,4.50,,South Bay Plantation
06/04/2025,4215 - Renters Insurance Income,10.50,,Royal Manor
06/04/2025,4215 - Renters Insurance Income,4.50,,Royal Manor
06/04/2025,4215 - Renters Insurance Income,10.50,,Buena Vista
06/04/2025,4215 - Renters Insurance Income,4.50,,Buena Vista
06/04/2025,4215 - Renters Insurance Income,10.50,,Grove at Temple Terrace
06/04/2025,4215 - Renters Insurance Income,4.50,,Grove at Temple Terrace
06/04/2025,4215 - Renters Insurance Income,9.50,,Lakeside Condominiums
06/04/2025,4215 - Renters Insurance Income,3.00,,Lakeside Condominiums
06/04/2025,4215 - Renters Insurance Income,10.50,,Luna At Hollywood
06/04/2025,4215 - Renters Insurance Income,4.50,,Luna At Hollywood
06/04/2025,4215 - Renters Insurance Income,10.50,,Infinity Magnolia LLC
06/04/2025,4215 - Renters Insurance Income,4.50,,Infinity Magnolia LLC
06/04/2025,4215 - Renters Insurance Income,10.50,,Buena Vista
06/04/2025,4215 - Renters Insurance Income,4.50,,Buena Vista
06/04/2025,4215 - Renters Insurance Income,9.50,,Lakeside Condominiums
06/04/2025,4215 - Renters Insurance Income,3.00,,Lakeside Condominiums
06/04/2025,4215 - Renters Insurance Income,10.50,,Infinity Magnolia LLC
06/04/2025,4215 - Renters Insurance Income,4.50,,Infinity Magnolia LLC
06/04/2025,4215 - Renters Insurance Income,10.50,,Infinity Magnolia LLC
06/04/2025,4215 - Renters Insurance Income,4.50,,Infinity Magnolia LLC
06/04/2025,4215 - Renters Insurance Income,3.00,,Infinity Magnolia LLC
06/04/2025,4215 - Renters Insurance Income,10.50,,Infinity Magnolia LLC
06/04/2025,4215 - Renters Insurance Income,9.50,,Clear Lake Palms
06/04/2025,4215 - Renters Insurance Income,3.00,,Clear Lake Palms
06/04/2025,4215 - Renters Insurance Income,9.50,,Laguna Place
06/04/2025,4215 - Renters Insurance Income,3.00,,Laguna Place
06/04/2025,4215 - Renters Insurance Income,10.50,,Clear Lake Palms
06/04/2025,4215 - Renters Insurance Income,4.50,,Clear Lake Palms
06/04/2025,4215 - Renters Insurance Income,10.50,,Clear Lake Palms
06/04/2025,4215 - Renters Insurance Income,4.50,,Clear Lake Palms
06/04/2025,4215 - Renters Insurance Income,10.50,,Parc Place Villas
06/04/2025,4215 - Renters Insurance Income,4.50,,Parc Place Villas
06/04/2025,4215 - Renters Insurance Income,9.50,,Lakeside Condominiums
06/04/2025,4215 - Renters Insurance Income,3.00,,Lakeside Condominiums
06/04/2025,4215 - Renters Insurance Income,10.50,,South Bay Plantation
06/04/2025,4215 - Renters Insurance Income,4.50,,South Bay Plantation
06/04/2025,4215 - Renters Insurance Income,10.50,,Infinity Magnolia LLC
06/04/2025,4215 - Renters Insurance Income,4.50,,Infinity Magnolia LLC
06/04/2025,4215 - Renters Insurance Income,10.50,,The Standard at 2690
06/04/2025,4215 - Renters Insurance Income,4.50,,The Standard at 2690
06/04/2025,4215 - Renters Insurance Income,10.50,,Royal Manor
06/04/2025,4215 - Renters Insurance Income,4.50,,Royal Manor
06/04/2025,4215 - Renters Insurance Income,10.50,,The Standard at 2690
06/04/2025,4215 - Renters Insurance Income,4.50,,The Standard at 2690
06/04/2025,4215 - Renters Insurance Income,10.50,,University Townhomes
06/04/2025,4215 - Renters Insurance Income,4.50,,University Townhomes
06/04/2025,4215 - Renters Insurance Income,9.50,,Laguna Place
06/04/2025,4215 - Renters Insurance Income,3.00,,Laguna Place
06/04/2025,4215 - Renters Insurance Income,9.50,,Clear Lake Palms
06/04/2025,4215 - Renters Insurance Income,3.00,,Clear Lake Palms
06/04/2025,4215 - Renters Insurance Income,10.50,,University Townhomes
06/04/2025,4215 - Renters Insurance Income,4.50,,University Townhomes
06/04/2025,4215 - Renters Insurance Income,10.50,,The Standard at 2690
06/04/2025,4215 - Renters Insurance Income,4.50,,The Standard at 2690
06/04/2025,4215 - Renters Insurance Income,10.50,,Parc Place Villas
06/04/2025,4215 - Renters Insurance Income,4.50,,Parc Place Villas
06/04/2025,4215 - Renters Insurance Income,10.50,,Clear Lake Palms
06/04/2025,4215 - Renters Insurance Income,4.50,,Clear Lake Palms
06/04/2025,4215 - Renters Insurance Income,10.50,,Castle Creek Apartments
06/04/2025,4215 - Renters Insurance Income,4.50,,Castle Creek Apartments
06/04/2025,4215 - Renters Insurance Income,10.50,,Castle Creek Apartments
06/04/2025,4215 - Renters Insurance Income,4.50,,Castle Creek Apartments
06/04/2025,4215 - Renters Insurance Income,10.50,,The Standard at 2690
06/04/2025,4215 - Renters Insurance Income,4.50,,The Standard at 2690
06/04/2025,4215 - Renters Insurance Income,10.50,,Woodridge Manor
06/04/2025,4215 - Renters Insurance Income,4.50,,Woodridge Manor
06/04/2025,4215 - Renters Insurance Income,10.50,,Azure Villas
06/04/2025,4215 - Renters Insurance Income,4.50,,Azure Villas
06/04/2025,4215 - Renters Insurance Income,3.00,,University Townhomes
06/04/2025,4215 - Renters Insurance Income,10.50,,"Infinity Reserve at Waters, LLC"
06/04/2025,4215 - Renters Insurance Income,4.50,,"Infinity Reserve at Waters, LLC"
06/04/2025,4215 - Renters Insurance Income,9.50,,University Townhomes
06/04/2025,4215 - Renters Insurance Income,3.00,,University Townhomes
06/04/2025,4215 - Renters Insurance Income,9.50,,Laguna Place
06/04/2025,4215 - Renters Insurance Income,3.00,,Laguna Place
06/04/2025,4215 - Renters Insurance Income,9.50,,Clear Lake Palms
06/04/2025,4215 - Renters Insurance Income,9.50,,Lakeside Condominiums
06/04/2025,4215 - Renters Insurance Income,3.00,,Lakeside Condominiums
06/04/2025,4215 - Renters Insurance Income,10.50,,Laguna Place
06/04/2025,4215 - Renters Insurance Income,4.50,,Laguna Place
06/04/2025,4215 - Renters Insurance Income,9.50,,Laguna Place
06/04/2025,4215 - Renters Insurance Income,3.00,,Laguna Place
06/04/2025,4215 - Renters Insurance Income,9.50,,University Townhomes
06/04/2025,4215 - Renters Insurance Income,3.00,,University Townhomes
06/04/2025,4215 - Renters Insurance Income,10.50,,Lakeside Condominiums
06/04/2025,4215 - Renters Insurance Income,4.50,,Lakeside Condominiums
06/04/2025,4215 - Renters Insurance Income,10.50,,South Bay Plantation
06/04/2025,4215 - Renters Insurance Income,4.50,,South Bay Plantation
06/04/2025,4215 - Renters Insurance Income,9.50,,Azure Villas
06/04/2025,4215 - Renters Insurance Income,3.00,,Azure Villas
06/04/2025,4215 - Renters Insurance Income,9.50,,Lakeside Condominiums
06/04/2025,4215 - Renters Insurance Income,3.00,,Lakeside Condominiums
06/04/2025,4215 - Renters Insurance Income,9.50,,Clear Lake Palms
06/04/2025,4215 - Renters Insurance Income,3.00,,Clear Lake Palms
06/04/2025,4215 - Renters Insurance Income,10.50,,South Bay Plantation
06/04/2025,4215 - Renters Insurance Income,4.50,,South Bay Plantation
06/04/2025,4215 - Renters Insurance Income,10.50,,Buena Vista
06/04/2025,4215 - Renters Insurance Income,4.50,,Buena Vista
06/04/2025,4215 - Renters Insurance Income,10.50,,South Bay Plantation
06/04/2025,4215 - Renters Insurance Income,4.50,,South Bay Plantation
06/04/2025,4215 - Renters Insurance Income,9.50,,Lakeside Condominiums
06/04/2025,4215 - Renters Insurance Income,3.00,,Lakeside Condominiums
06/04/2025,4215 - Renters Insurance Income,10.50,,Lakeside Condominiums
06/04/2025,4215 - Renters Insurance Income,4.50,,Lakeside Condominiums
06/04/2025,4215 - Renters Insurance Income,9.50,,Grove at Temple Terrace
06/04/2025,4215 - Renters Insurance Income,3.00,,Grove at Temple Terrace
06/04/2025,4215 - Renters Insurance Income,9.50,,Lakeside Condominiums
06/04/2025,4215 - Renters Insurance Income,3.00,,Lakeside Condominiums
06/04/2025,4215 - Renters Insurance Income,10.50,,University Townhomes
06/04/2025,4215 - Renters Insurance Income,4.50,,University Townhomes
06/04/2025,4215 - Renters Insurance Income,10.50,,University Townhomes
06/04/2025,4215 - Renters Insurance Income,4.50,,University Townhomes
06/04/2025,4215 - Renters Insurance Income,10.50,,University Townhomes
06/04/2025,4215 - Renters Insurance Income,4.50,,University Townhomes
06/04/2025,4215 - Renters Insurance Income,9.50,,Luna At Hollywood
06/04/2025,4215 - Renters Insurance Income,3.00,,Luna At Hollywood
06/04/2025,4215 - Renters Insurance Income,10.50,,Laguna Place
06/04/2025,4215 - Renters Insurance Income,4.50,,Laguna Place
06/04/2025,4215 - Renters Insurance Income,10.50,,Castle Creek Apartments
06/04/2025,4215 - Renters Insurance Income,10.50,,University Townhomes
06/04/2025,4215 - Renters Insurance Income,4.50,,University Townhomes
06/04/2025,4215 - Renters Insurance Income,10.50,,Buena Vista
06/04/2025,4215 - Renters Insurance Income,4.50,,Buena Vista
06/04/2025,4215 - Renters Insurance Income,9.50,,Luna At Hollywood
06/04/2025,4215 - Renters Insurance Income,3.00,,Luna At Hollywood
06/04/2025,4215 - Renters Insurance Income,10.50,,Royal Manor
06/04/2025,4215 - Renters Insurance Income,4.50,,Royal Manor
06/04/2025,4215 - Renters Insurance Income,9.50,,Lakeside Condominiums
06/04/2025,4215 - Renters Insurance Income,3.00,,Lakeside Condominiums
06/04/2025,4215 - Renters Insurance Income,10.50,,Laguna Place
06/04/2025,4215 - Renters Insurance Income,4.50,,Laguna Place
06/04/2025,4215 - Renters Insurance Income,10.50,,Buena Vista
06/04/2025,4215 - Renters Insurance Income,4.50,,Buena Vista
06/04/2025,4215 - Renters Insurance Income,10.50,,South Bay Plantation
06/04/2025,4215 - Renters Insurance Income,4.50,,South Bay Plantation
06/04/2025,4215 - Renters Insurance Income,10.50,,University Townhomes
06/04/2025,4215 - Renters Insurance Income,4.50,,University Townhomes
06/04/2025,4215 - Renters Insurance Income,10.50,,South Bay Plantation
06/04/2025,4215 - Renters Insurance Income,4.50,,South Bay Plantation
06/04/2025,4215 - Renters Insurance Income,10.50,,Clear Lake Palms
06/04/2025,4215 - Renters Insurance Income,4.50,,Clear Lake Palms
06/04/2025,4215 - Renters Insurance Income,10.50,,Buena Vista
06/04/2025,4215 - Renters Insurance Income,4.50,,Buena Vista
06/04/2025,4215 - Renters Insurance Income,10.50,,Buena Vista
06/04/2025,4215 - Renters Insurance Income,4.50,,Buena Vista
06/04/2025,4215 - Renters Insurance Income,,9.50,Lakeside Condominiums
06/04/2025,4215 - Renters Insurance Income,,3.00,Lakeside Condominiums
06/04/2025,4215 - Renters Insurance Income,,9.50,"Infinity Magnolia 2, LLC"
06/04/2025,4215 - Renters Insurance Income,,3.00,"Infinity Magnolia 2, LLC"
06/04/2025,4215 - Renters Insurance Income,,10.50,Grove at Temple Terrace
06/04/2025,4215 - Renters Insurance Income,,4.50,Grove at Temple Terrace
06/04/2025,4215 - Renters Insurance Income,,10.50,Roselea Manor Apartments
06/04/2025,4215 - Renters Insurance Income,,4.50,Roselea Manor Apartments
06/04/2025,4215 - Renters Insurance Income,,10.50,Parc Place Villas
06/04/2025,4215 - Renters Insurance Income,,4.50,Parc Place Villas
06/04/2025,4215 - Renters Insurance Income,,10.50,Laguna Place
06/04/2025,4215 - Renters Insurance Income,,4.50,Laguna Place
06/04/2025,4215 - Renters Insurance Income,10.50,,The Standard at 2690
06/04/2025,4215 - Renters Insurance Income,4.50,,The Standard at 2690
06/04/2025,4215 - Renters Insurance Income,10.50,,Infinity Magnolia LLC
06/04/2025,4215 - Renters Insurance Income,4.50,,Infinity Magnolia LLC
06/04/2025,4215 - Renters Insurance Income,9.50,,Azure Villas
06/04/2025,4215 - Renters Insurance Income,3.00,,Azure Villas
06/04/2025,4215 - Renters Insurance Income,9.50,,Parc Place Villas
06/04/2025,4215 - Renters Insurance Income,3.00,,Parc Place Villas
06/04/2025,4215 - Renters Insurance Income,9.50,,Azure Villas
06/04/2025,4215 - Renters Insurance Income,3.00,,Azure Villas
06/04/2025,4215 - Renters Insurance Income,10.50,,Midway Manor Apartments
06/04/2025,4215 - Renters Insurance Income,4.50,,Midway Manor Apartments
06/04/2025,4215 - Renters Insurance Income,10.50,,Infinity Magnolia LLC
06/04/2025,4215 - Renters Insurance Income,4.50,,Infinity Magnolia LLC
06/04/2025,4215 - Renters Insurance Income,10.50,,Parc Place Villas
06/04/2025,4215 - Renters Insurance Income,4.50,,Parc Place Villas
06/04/2025,4215 - Renters Insurance Income,10.50,,Infinity Las Casitas Apartments LLC
06/04/2025,4215 - Renters Insurance Income,4.50,,Infinity Las Casitas Apartments LLC
06/04/2025,4215 - Renters Insurance Income,9.50,,Parc Place Villas
06/04/2025,4215 - Renters Insurance Income,3.00,,Parc Place Villas
06/04/2025,4215 - Renters Insurance Income,10.50,,University Townhomes
06/04/2025,4215 - Renters Insurance Income,4.50,,University Townhomes
06/04/2025,4215 - Renters Insurance Income,10.50,,Clear Lake Palms
06/04/2025,4215 - Renters Insurance Income,4.50,,Clear Lake Palms
06/04/2025,4215 - Renters Insurance Income,9.50,,Parc Place Villas
06/04/2025,4215 - Renters Insurance Income,3.00,,Parc Place Villas
06/04/2025,4215 - Renters Insurance Income,10.50,,Castle Creek Apartments
06/04/2025,4215 - Renters Insurance Income,4.50,,Castle Creek Apartments
06/04/2025,4215 - Renters Insurance Income,9.50,,Luna At Hollywood
06/04/2025,4215 - Renters Insurance Income,3.00,,Luna At Hollywood
06/04/2025,4215 - Renters Insurance Income,9.50,,Grove at Temple Terrace
06/04/2025,4215 - Renters Insurance Income,3.00,,Grove at Temple Terrace
06/04/2025,4215 - Renters Insurance Income,10.00,,University Townhomes
06/04/2025,4215 - Renters Insurance Income,4.00,,University Townhomes
06/04/2025,4215 - Renters Insurance Income,7.50,,University Townhomes
06/04/2025,4215 - Renters Insurance Income,3.00,,University Townhomes
06/04/2025,4215 - Renters Insurance Income,10.50,,Infinity Magnolia LLC
06/04/2025,4215 - Renters Insurance Income,4.50,,Infinity Magnolia LLC
06/04/2025,4215 - Renters Insurance Income,10.50,,The Standard at 2690
06/04/2025,4215 - Renters Insurance Income,4.50,,The Standard at 2690
06/04/2025,4215 - Renters Insurance Income,9.50,,Grove at Temple Terrace
06/04/2025,4215 - Renters Insurance Income,3.00,,Grove at Temple Terrace
06/04/2025,4215 - Renters Insurance Income,9.50,,Azure Villas
06/04/2025,4215 - Renters Insurance Income,3.00,,Azure Villas
06/04/2025,4215 - Renters Insurance Income,8.48,,Laguna Place
06/04/2025,4215 - Renters Insurance Income,4.50,,Laguna Place
06/04/2025,4215 - Renters Insurance Income,10.50,,The Standard at 2690
06/04/2025,4215 - Renters Insurance Income,4.50,,The Standard at 2690
06/04/2025,4215 - Renters Insurance Income,3.00,,"Infinity Reserve at Waters, LLC"
06/04/2025,4215 - Renters Insurance Income,9.50,,Lakeside Condominiums
06/04/2025,4215 - Renters Insurance Income,3.00,,Lakeside Condominiums
06/04/2025,4215 - Renters Insurance Income,9.00,,Lakeside Condominiums
06/04/2025,4215 - Renters Insurance Income,3.00,,Lakeside Condominiums
06/04/2025,4215 - Renters Insurance Income,10.50,,Roselea Manor Apartments
06/04/2025,4215 - Renters Insurance Income,4.50,,Roselea Manor Apartments
06/04/2025,4215 - Renters Insurance Income,10.50,,University Townhomes
06/04/2025,4215 - Renters Insurance Income,4.50,,University Townhomes
06/04/2025,4215 - Renters Insurance Income,10.50,,University Townhomes
06/04/2025,4215 - Renters Insurance Income,4.46,,University Townhomes
06/04/2025,4215 - Renters Insurance Income,10.50,,Clear Lake Palms
06/04/2025,4215 - Renters Insurance Income,4.50,,Clear Lake Palms
06/04/2025,4215 - Renters Insurance Income,10.50,,Laguna Place
06/04/2025,4215 - Renters Insurance Income,4.50,,Laguna Place
06/04/2025,4215 - Renters Insurance Income,10.50,,Parc Place Villas
06/04/2025,4215 - Renters Insurance Income,4.50,,Parc Place Villas
06/04/2025,4215 - Renters Insurance Income,9.50,,Parc Place Villas
06/04/2025,4215 - Renters Insurance Income,3.00,,Parc Place Villas
06/04/2025,4215 - Renters Insurance Income,10.50,,Luna At Hollywood
06/04/2025,4215 - Renters Insurance Income,4.50,,Luna At Hollywood
06/04/2025,4215 - Renters Insurance Income,10.50,,Infinity Las Casitas Apartments LLC
06/04/2025,4215 - Renters Insurance Income,4.50,,Infinity Las Casitas Apartments LLC
06/04/2025,4215 - Renters Insurance Income,9.50,,Clear Lake Palms
06/04/2025,4215 - Renters Insurance Income,3.00,,Clear Lake Palms
06/04/2025,4215 - Renters Insurance Income,10.50,,Buena Vista
06/04/2025,4215 - Renters Insurance Income,4.50,,Buena Vista
06/04/2025,4215 - Renters Insurance Income,9.50,,Clear Lake Palms
06/04/2025,4215 - Renters Insurance Income,3.00,,Clear Lake Palms
06/04/2025,4215 - Renters Insurance Income,9.50,,Laguna Place
06/04/2025,4215 - Renters Insurance Income,3.00,,Laguna Place
06/04/2025,4215 - Renters Insurance Income,9.50,,Lakeside Condominiums
06/04/2025,4215 - Renters Insurance Income,3.00,,Lakeside Condominiums
06/04/2025,4215 - Renters Insurance Income,10.50,,Midway Manor Apartments
06/04/2025,4215 - Renters Insurance Income,4.50,,Midway Manor Apartments
06/04/2025,4215 - Renters Insurance Income,10.50,,Royal Manor
06/04/2025,4215 - Renters Insurance Income,4.50,,Royal Manor
06/04/2025,4215 - Renters Insurance Income,9.50,,Lakeside Condominiums
06/04/2025,4215 - Renters Insurance Income,3.00,,Lakeside Condominiums
06/04/2025,4215 - Renters Insurance Income,10.50,,University Townhomes
06/04/2025,4215 - Renters Insurance Income,4.50,,University Townhomes
06/04/2025,4215 - Renters Insurance Income,9.50,,Lakeside Condominiums
06/04/2025,4215 - Renters Insurance Income,3.00,,Lakeside Condominiums
06/04/2025,4215 - Renters Insurance Income,9.50,,Lakeside Condominiums
06/04/2025,4215 - Renters Insurance Income,3.00,,Lakeside Condominiums
06/04/2025,4215 - Renters Insurance Income,9.50,,University Townhomes
06/04/2025,4215 - Renters Insurance Income,3.00,,University Townhomes
06/04/2025,4215 - Renters Insurance Income,10.50,,South Bay Plantation
06/04/2025,4215 - Renters Insurance Income,4.50,,South Bay Plantation
06/04/2025,4215 - Renters Insurance Income,10.50,,Castle Creek Apartments
06/04/2025,4215 - Renters Insurance Income,4.50,,Castle Creek Apartments
06/04/2025,4215 - Renters Insurance Income,10.50,,Infinity Magnolia LLC
06/04/2025,4215 - Renters Insurance Income,4.50,,Infinity Magnolia LLC
06/04/2025,4215 - Renters Insurance Income,9.50,,Parc Place Villas
06/04/2025,4215 - Renters Insurance Income,3.00,,Parc Place Villas
06/04/2025,4215 - Renters Insurance Income,10.50,,Lakeside Condominiums
06/04/2025,4215 - Renters Insurance Income,4.50,,Lakeside Condominiums
06/04/2025,4215 - Renters Insurance Income,9.50,,Infinity Magnolia LLC
06/04/2025,4215 - Renters Insurance Income,3.00,,Infinity Magnolia LLC
06/04/2025,4215 - Renters Insurance Income,10.50,,Castle Creek Apartments
06/04/2025,4215 - Renters Insurance Income,4.50,,Castle Creek Apartments
06/04/2025,4215 - Renters Insurance Income,10.50,,The Standard at 2690
06/04/2025,4215 - Renters Insurance Income,4.50,,The Standard at 2690
06/04/2025,4215 - Renters Insurance Income,10.50,,"Infinity Magnolia 2, LLC"
06/04/2025,4215 - Renters Insurance Income,4.50,,"Infinity Magnolia 2, LLC"
06/04/2025,4215 - Renters Insurance Income,9.50,,Azure Villas
06/04/2025,4215 - Renters Insurance Income,3.00,,Azure Villas
06/04/2025,4215 - Renters Insurance Income,9.50,,University Townhomes
06/04/2025,4215 - Renters Insurance Income,3.00,,University Townhomes
06/04/2025,4215 - Renters Insurance Income,9.50,,Luna At Hollywood
06/04/2025,4215 - Renters Insurance Income,3.00,,Luna At Hollywood
06/04/2025,4215 - Renters Insurance Income,10.50,,Infinity Magnolia LLC
06/04/2025,4215 - Renters Insurance Income,4.50,,Infinity Magnolia LLC
06/04/2025,4215 - Renters Insurance Income,9.50,,Luna At Hollywood
06/04/2025,4215 - Renters Insurance Income,3.00,,Luna At Hollywood
06/04/2025,4215 - Renters Insurance Income,10.50,,Clear Lake Palms
06/04/2025,4215 - Renters Insurance Income,4.50,,Clear Lake Palms
06/04/2025,4215 - Renters Insurance Income,10.50,,Parc Place Villas
06/04/2025,4215 - Renters Insurance Income,4.50,,Parc Place Villas
06/04/2025,4215 - Renters Insurance Income,10.50,,Buena Vista
06/04/2025,4215 - Renters Insurance Income,4.50,,Buena Vista
06/04/2025,4215 - Renters Insurance Income,9.50,,Lakeside Condominiums
06/04/2025,4215 - Renters Insurance Income,3.00,,Lakeside Condominiums
06/04/2025,4215 - Renters Insurance Income,9.50,,Lakeside Condominiums
06/04/2025,4215 - Renters Insurance Income,3.00,,Lakeside Condominiums
06/04/2025,4215 - Renters Insurance Income,10.50,,South Bay Plantation
06/04/2025,4215 - Renters Insurance Income,4.50,,South Bay Plantation
06/04/2025,4215 - Renters Insurance Income,2.00,,Infinity Magnolia LLC
06/04/2025,4215 - Renters Insurance Income,3.00,,Infinity Magnolia LLC
06/04/2025,4215 - Renters Insurance Income,9.50,,Parc Place Villas
06/04/2025,4215 - Renters Insurance Income,3.00,,Parc Place Villas
06/04/2025,4215 - Renters Insurance Income,9.50,,Laguna Place
06/04/2025,4215 - Renters Insurance Income,3.00,,Laguna Place
06/04/2025,4215 - Renters Insurance Income,10.50,,Infinity Magnolia LLC
06/04/2025,4215 - Renters Insurance Income,4.50,,Infinity Magnolia LLC
06/04/2025,4215 - Renters Insurance Income,9.50,,Lakeside Condominiums
06/04/2025,4215 - Renters Insurance Income,3.00,,Lakeside Condominiums
06/04/2025,4215 - Renters Insurance Income,9.50,,The Standard at 2690
06/04/2025,4215 - Renters Insurance Income,3.00,,The Standard at 2690
06/04/2025,4215 - Renters Insurance Income,9.50,,Laguna Place
06/04/2025,4215 - Renters Insurance Income,3.00,,Laguna Place
06/04/2025,4215 - Renters Insurance Income,10.50,,Midway Manor Apartments
06/04/2025,4215 - Renters Insurance Income,4.50,,Midway Manor Apartments
06/04/2025,4215 - Renters Insurance Income,10.50,,The Standard at 2690
06/04/2025,4215 - Renters Insurance Income,4.50,,The Standard at 2690
06/04/2025,4215 - Renters Insurance Income,9.50,,Lakeside Condominiums
06/04/2025,4215 - Renters Insurance Income,3.00,,Lakeside Condominiums
06/04/2025,4215 - Renters Insurance Income,9.50,,Lakeside Condominiums
06/04/2025,4215 - Renters Insurance Income,3.00,,Lakeside Condominiums
06/04/2025,4215 - Renters Insurance Income,4.01,,Roselea Manor Apartments
06/04/2025,4215 - Renters Insurance Income,4.50,,Roselea Manor Apartments
06/04/2025,4215 - Renters Insurance Income,10.50,,Parc Place Villas
06/04/2025,4215 - Renters Insurance Income,4.50,,Parc Place Villas
06/04/2025,4215 - Renters Insurance Income,10.50,,South Bay Plantation
06/04/2025,4215 - Renters Insurance Income,4.50,,South Bay Plantation
06/04/2025,4215 - Renters Insurance Income,9.50,,Laguna Place
06/04/2025,4215 - Renters Insurance Income,3.00,,Laguna Place
06/04/2025,4215 - Renters Insurance Income,9.50,,University Townhomes
06/04/2025,4215 - Renters Insurance Income,3.00,,University Townhomes
06/04/2025,4215 - Renters Insurance Income,9.50,,Infinity Magnolia LLC
06/04/2025,4215 - Renters Insurance Income,3.00,,Infinity Magnolia LLC
06/04/2025,4215 - Renters Insurance Income,3.00,,Infinity Magnolia LLC
06/04/2025,4215 - Renters Insurance Income,10.50,,Castle Creek Apartments
06/04/2025,4215 - Renters Insurance Income,4.50,,Castle Creek Apartments
06/04/2025,4215 - Renters Insurance Income,10.50,,Buena Vista
06/04/2025,4215 - Renters Insurance Income,4.50,,Buena Vista
06/04/2025,4215 - Renters Insurance Income,3.00,,University Townhomes
06/04/2025,4215 - Renters Insurance Income,10.50,,University Townhomes
06/04/2025,4215 - Renters Insurance Income,4.50,,University Townhomes
06/04/2025,4215 - Renters Insurance Income,9.50,,Azure Villas
06/04/2025,4215 - Renters Insurance Income,3.00,,Azure Villas
06/04/2025,4215 - Renters Insurance Income,10.50,,Woodridge Manor
06/04/2025,4215 - Renters Insurance Income,4.50,,Woodridge Manor
06/04/2025,4215 - Renters Insurance Income,10.50,,Buena Vista
06/04/2025,4215 - Renters Insurance Income,4.50,,Buena Vista
06/04/2025,4215 - Renters Insurance Income,9.50,,Azure Villas
06/04/2025,4215 - Renters Insurance Income,3.00,,Azure Villas
06/04/2025,4215 - Renters Insurance Income,10.50,,Clear Lake Palms
06/04/2025,4215 - Renters Insurance Income,4.50,,Clear Lake Palms
06/04/2025,4215 - Renters Insurance Income,9.50,,Lakeside Condominiums
06/04/2025,4215 - Renters Insurance Income,3.00,,Lakeside Condominiums
06/04/2025,4215 - Renters Insurance Income,9.50,,Clear Lake Palms
06/04/2025,4215 - Renters Insurance Income,3.00,,Clear Lake Palms
06/04/2025,4215 - Renters Insurance Income,10.50,,Clear Lake Palms
06/04/2025,4215 - Renters Insurance Income,4.50,,Clear Lake Palms
06/04/2025,4215 - Renters Insurance Income,10.50,,Buena Vista
06/04/2025,4215 - Renters Insurance Income,4.50,,Buena Vista
06/04/2025,4215 - Renters Insurance Income,7.00,,Laguna Place
06/04/2025,4215 - Renters Insurance Income,3.00,,Laguna Place
06/04/2025,4215 - Renters Insurance Income,3.00,,Infinity Magnolia LLC
06/04/2025,4215 - Renters Insurance Income,10.50,,Infinity Magnolia LLC
06/04/2025,4215 - Renters Insurance Income,10.50,,Infinity Magnolia LLC
06/04/2025,4215 - Renters Insurance Income,4.50,,Infinity Magnolia LLC
06/04/2025,4215 - Renters Insurance Income,10.50,,The Standard at 2690
06/04/2025,4215 - Renters Insurance Income,4.50,,The Standard at 2690
06/04/2025,4215 - Renters Insurance Income,10.50,,Castle Creek Apartments
06/04/2025,4215 - Renters Insurance Income,4.50,,Castle Creek Apartments
06/04/2025,4215 - Renters Insurance Income,9.50,,Laguna Place
06/04/2025,4215 - Renters Insurance Income,3.00,,Laguna Place
06/04/2025,4215 - Renters Insurance Income,10.50,,Clear Lake Palms
06/04/2025,4215 - Renters Insurance Income,4.50,,Clear Lake Palms
06/04/2025,4215 - Renters Insurance Income,10.50,,South Bay Plantation
06/04/2025,4215 - Renters Insurance Income,4.50,,South Bay Plantation
06/04/2025,4215 - Renters Insurance Income,9.50,,Clear Lake Palms
06/04/2025,4215 - Renters Insurance Income,3.00,,Clear Lake Palms
06/04/2025,4215 - Renters Insurance Income,9.50,,Lakeside Condominiums
06/04/2025,4215 - Renters Insurance Income,3.00,,Lakeside Condominiums
06/04/2025,4215 - Renters Insurance Income,9.50,,Laguna Place
06/04/2025,4215 - Renters Insurance Income,3.00,,Laguna Place
06/04/2025,4215 - Renters Insurance Income,10.50,,Grove at Temple Terrace
06/04/2025,4215 - Renters Insurance Income,4.50,,Grove at Temple Terrace
06/04/2025,4215 - Renters Insurance Income,9.50,,Parc Place Villas
06/04/2025,4215 - Renters Insurance Income,3.00,,Parc Place Villas
06/04/2025,4215 - Renters Insurance Income,9.50,,Luna At Hollywood
06/04/2025,4215 - Renters Insurance Income,3.00,,Luna At Hollywood
06/04/2025,4215 - Renters Insurance Income,10.50,,Infinity Magnolia LLC
06/04/2025,4215 - Renters Insurance Income,4.50,,Infinity Magnolia LLC
06/04/2025,4215 - Renters Insurance Income,9.50,,Clear Lake Palms
06/04/2025,4215 - Renters Insurance Income,3.00,,Clear Lake Palms
06/04/2025,4215 - Renters Insurance Income,3.00,,"Infinity Reserve at Waters, LLC"
06/04/2025,4215 - Renters Insurance Income,10.50,,Buena Vista
06/04/2025,4215 - Renters Insurance Income,4.50,,Buena Vista
06/04/2025,4215 - Renters Insurance Income,10.50,,Roselea Manor Apartments
06/04/2025,4215 - Renters Insurance Income,4.50,,Roselea Manor Apartments
06/04/2025,4215 - Renters Insurance Income,10.50,,Clear Lake Palms
06/04/2025,4215 - Renters Insurance Income,4.50,,Clear Lake Palms
06/04/2025,4215 - Renters Insurance Income,9.50,,Luna At Hollywood
06/04/2025,4215 - Renters Insurance Income,3.00,,Luna At Hollywood
06/04/2025,4215 - Renters Insurance Income,10.50,,Lakeside Condominiums
06/04/2025,4215 - Renters Insurance Income,4.50,,Lakeside Condominiums
06/04/2025,4215 - Renters Insurance Income,10.50,,Laguna Place
06/04/2025,4215 - Renters Insurance Income,4.50,,Laguna Place
06/04/2025,4215 - Renters Insurance Income,10.50,,Infinity Magnolia LLC
06/04/2025,4215 - Renters Insurance Income,4.50,,Infinity Magnolia LLC
06/04/2025,4215 - Renters Insurance Income,10.50,,Lakeside Condominiums
06/04/2025,4215 - Renters Insurance Income,4.50,,Lakeside Condominiums
06/04/2025,4215 - Renters Insurance Income,10.50,,Infinity Las Casitas Apartments LLC
06/04/2025,4215 - Renters Insurance Income,4.50,,Infinity Las Casitas Apartments LLC
06/04/2025,4215 - Renters Insurance Income,10.50,,The Standard at 2690
06/04/2025,4215 - Renters Insurance Income,4.50,,The Standard at 2690
06/04/2025,4215 - Renters Insurance Income,10.50,,Lakeside Condominiums
06/04/2025,4215 - Renters Insurance Income,4.50,,Lakeside Condominiums
06/04/2025,4215 - Renters Insurance Income,10.50,,The Standard at 2690
06/04/2025,4215 - Renters Insurance Income,4.50,,The Standard at 2690
06/04/2025,4215 - Renters Insurance Income,10.50,,The Standard at 2690
06/04/2025,4215 - Renters Insurance Income,4.50,,The Standard at 2690
06/04/2025,4215 - Renters Insurance Income,3.00,,"Infinity Reserve at Waters, LLC"
06/04/2025,4215 - Renters Insurance Income,10.50,,Azure Villas
06/04/2025,4215 - Renters Insurance Income,4.50,,Azure Villas
06/04/2025,4215 - Renters Insurance Income,10.50,,"Infinity Reserve at Waters, LLC"
06/04/2025,4215 - Renters Insurance Income,4.50,,"Infinity Reserve at Waters, LLC"
06/04/2025,4215 - Renters Insurance Income,10.50,,South Bay Plantation
06/04/2025,4215 - Renters Insurance Income,4.50,,South Bay Plantation
06/04/2025,4215 - Renters Insurance Income,10.50,,Roselea Manor Apartments
06/04/2025,4215 - Renters Insurance Income,4.50,,Roselea Manor Apartments
06/04/2025,4215 - Renters Insurance Income,9.50,,Azure Villas
06/04/2025,4215 - Renters Insurance Income,3.00,,Azure Villas
06/04/2025,4215 - Renters Insurance Income,10.50,,Infinity Magnolia LLC
06/04/2025,4215 - Renters Insurance Income,4.50,,Infinity Magnolia LLC
06/04/2025,4215 - Renters Insurance Income,7.50,,Castle Creek Apartments
06/04/2025,4215 - Renters Insurance Income,4.50,,Castle Creek Apartments
06/04/2025,4215 - Renters Insurance Income,10.50,,Roselea Manor Apartments
06/04/2025,4215 - Renters Insurance Income,4.50,,Roselea Manor Apartments
06/04/2025,4215 - Renters Insurance Income,9.50,,Laguna Place
06/04/2025,4215 - Renters Insurance Income,3.00,,Laguna Place
06/04/2025,4215 - Renters Insurance Income,9.50,,Lakeside Condominiums
06/04/2025,4215 - Renters Insurance Income,3.00,,Lakeside Condominiums
06/04/2025,4215 - Renters Insurance Income,10.50,,South Bay Plantation
06/04/2025,4215 - Renters Insurance Income,4.50,,South Bay Plantation
06/04/2025,4215 - Renters Insurance Income,9.50,,Clear Lake Palms
06/04/2025,4215 - Renters Insurance Income,3.00,,Clear Lake Palms
06/04/2025,4215 - Renters Insurance Income,10.50,,Castle Creek Apartments
06/04/2025,4215 - Renters Insurance Income,4.50,,Castle Creek Apartments
06/04/2025,4215 - Renters Insurance Income,9.50,,Laguna Place
06/04/2025,4215 - Renters Insurance Income,3.00,,Laguna Place
06/04/2025,4215 - Renters Insurance Income,10.50,,Castle Creek Apartments
06/04/2025,4215 - Renters Insurance Income,4.50,,Castle Creek Apartments
06/04/2025,4215 - Renters Insurance Income,10.50,,Buena Vista
06/04/2025,4215 - Renters Insurance Income,4.50,,Buena Vista
06/04/2025,4215 - Renters Insurance Income,9.50,,"Infinity Reserve at Waters, LLC"
06/04/2025,4215 - Renters Insurance Income,3.00,,"Infinity Reserve at Waters, LLC"
06/04/2025,4215 - Renters Insurance Income,10.50,,Infinity Magnolia LLC
06/04/2025,4215 - Renters Insurance Income,4.50,,Infinity Magnolia LLC
06/04/2025,4215 - Renters Insurance Income,10.50,,Clear Lake Palms
06/04/2025,4215 - Renters Insurance Income,4.50,,Clear Lake Palms
06/04/2025,4215 - Renters Insurance Income,9.50,,Parc Place Villas
06/04/2025,4215 - Renters Insurance Income,3.00,,Parc Place Villas
06/04/2025,4215 - Renters Insurance Income,10.50,,"Infinity Magnolia 2, LLC"
06/04/2025,4215 - Renters Insurance Income,4.50,,"Infinity Magnolia 2, LLC"
06/04/2025,4215 - Renters Insurance Income,10.50,,Clear Lake Palms
06/04/2025,4215 - Renters Insurance Income,4.50,,Clear Lake Palms
06/04/2025,4215 - Renters Insurance Income,10.50,,Clear Lake Palms
06/04/2025,4215 - Renters Insurance Income,4.50,,Clear Lake Palms
06/04/2025,4215 - Renters Insurance Income,9.50,,Laguna Place
06/04/2025,4215 - Renters Insurance Income,3.00,,Laguna Place
06/04/2025,4215 - Renters Insurance Income,10.50,,Castle Creek Apartments
06/04/2025,4215 - Renters Insurance Income,4.50,,Castle Creek Apartments
06/04/2025,4215 - Renters Insurance Income,10.50,,South Bay Plantation
06/04/2025,4215 - Renters Insurance Income,4.50,,South Bay Plantation
06/04/2025,4215 - Renters Insurance Income,10.50,,Laguna Place
06/04/2025,4215 - Renters Insurance Income,4.50,,Laguna Place
06/04/2025,4215 - Renters Insurance Income,9.50,,Luna At Hollywood
06/04/2025,4215 - Renters Insurance Income,3.00,,Luna At Hollywood
06/04/2025,4215 - Renters Insurance Income,10.50,,The Standard at 2690
06/04/2025,4215 - Renters Insurance Income,4.50,,The Standard at 2690
06/04/2025,4215 - Renters Insurance Income,10.50,,South Bay Plantation
06/04/2025,4215 - Renters Insurance Income,4.50,,South Bay Plantation
06/04/2025,4215 - Renters Insurance Income,9.50,,Parc Place Villas
06/04/2025,4215 - Renters Insurance Income,3.00,,Parc Place Villas
06/04/2025,4215 - Renters Insurance Income,9.50,,"Infinity Magnolia 2, LLC"
06/04/2025,4215 - Renters Insurance Income,3.00,,"Infinity Magnolia 2, LLC"
06/04/2025,4215 - Renters Insurance Income,10.50,,Infinity Magnolia LLC
06/04/2025,4215 - Renters Insurance Income,4.50,,Infinity Magnolia LLC
06/04/2025,4215 - Renters Insurance Income,10.50,,South Bay Plantation
06/04/2025,4215 - Renters Insurance Income,4.50,,South Bay Plantation
06/04/2025,4215 - Renters Insurance Income,10.50,,South Bay Plantation
06/04/2025,4215 - Renters Insurance Income,4.50,,South Bay Plantation
06/04/2025,4215 - Renters Insurance Income,10.50,,Parc Place Villas
06/04/2025,4215 - Renters Insurance Income,4.50,,Parc Place Villas
06/04/2025,4215 - Renters Insurance Income,10.50,,Luna At Hollywood
06/04/2025,4215 - Renters Insurance Income,4.50,,Luna At Hollywood
06/04/2025,4215 - Renters Insurance Income,10.50,,Infinity Las Casitas Apartments LLC
06/04/2025,4215 - Renters Insurance Income,4.50,,Infinity Las Casitas Apartments LLC
06/04/2025,4215 - Renters Insurance Income,9.50,,Luna At Hollywood
06/04/2025,4215 - Renters Insurance Income,3.00,,Luna At Hollywood
06/04/2025,4215 - Renters Insurance Income,9.50,,Azure Villas
06/04/2025,4215 - Renters Insurance Income,3.00,,Azure Villas
06/04/2025,4215 - Renters Insurance Income,10.50,,South Bay Plantation
06/04/2025,4215 - Renters Insurance Income,4.50,,South Bay Plantation
06/04/2025,4215 - Renters Insurance Income,10.50,,The Standard at 2690
06/04/2025,4215 - Renters Insurance Income,4.50,,The Standard at 2690
06/04/2025,4215 - Renters Insurance Income,9.50,,Parc Place Villas
06/04/2025,4215 - Renters Insurance Income,3.00,,Parc Place Villas
06/04/2025,4215 - Renters Insurance Income,10.50,,Laguna Place
06/04/2025,4215 - Renters Insurance Income,4.50,,Laguna Place
06/04/2025,4215 - Renters Insurance Income,9.50,,Lakeside Condominiums
06/04/2025,4215 - Renters Insurance Income,3.00,,Lakeside Condominiums
06/04/2025,4215 - Renters Insurance Income,10.50,,Grove at Temple Terrace
06/04/2025,4215 - Renters Insurance Income,4.50,,Grove at Temple Terrace
06/04/2025,4215 - Renters Insurance Income,10.50,,Clear Lake Palms
06/04/2025,4215 - Renters Insurance Income,4.50,,Clear Lake Palms
06/04/2025,4215 - Renters Insurance Income,3.00,,"Infinity Reserve at Waters, LLC"
06/04/2025,4215 - Renters Insurance Income,10.50,,Parc Place Villas
06/04/2025,4215 - Renters Insurance Income,4.50,,Parc Place Villas
06/04/2025,4215 - Renters Insurance Income,9.50,,Parc Place Villas
06/04/2025,4215 - Renters Insurance Income,3.00,,Parc Place Villas
06/04/2025,4215 - Renters Insurance Income,10.50,,Castle Creek Apartments
06/04/2025,4215 - Renters Insurance Income,4.50,,Castle Creek Apartments
06/04/2025,4215 - Renters Insurance Income,10.50,,Buena Vista
06/04/2025,4215 - Renters Insurance Income,4.50,,Buena Vista
06/04/2025,4215 - Renters Insurance Income,9.50,,"Infinity Magnolia 2, LLC"
06/04/2025,4215 - Renters Insurance Income,3.00,,"Infinity Magnolia 2, LLC"
06/04/2025,4215 - Renters Insurance Income,10.50,,Buena Vista
06/04/2025,4215 - Renters Insurance Income,4.50,,Buena Vista
06/04/2025,4215 - Renters Insurance Income,10.50,,South Bay Plantation
06/04/2025,4215 - Renters Insurance Income,4.50,,South Bay Plantation
06/04/2025,4215 - Renters Insurance Income,9.50,,Clear Lake Palms
06/04/2025,4215 - Renters Insurance Income,3.00,,Clear Lake Palms
06/04/2025,4215 - Renters Insurance Income,10.50,,Roselea Manor Apartments
06/04/2025,4215 - Renters Insurance Income,4.50,,Roselea Manor Apartments
06/04/2025,4215 - Renters Insurance Income,10.50,,"Infinity Magnolia 2, LLC"
06/04/2025,4215 - Renters Insurance Income,4.50,,"Infinity Magnolia 2, LLC"
06/04/2025,4215 - Renters Insurance Income,10.50,,Laguna Place
06/04/2025,4215 - Renters Insurance Income,4.50,,Laguna Place
06/04/2025,4215 - Renters Insurance Income,10.50,,Infinity Magnolia LLC
06/04/2025,4215 - Renters Insurance Income,4.50,,Infinity Magnolia LLC
06/04/2025,4215 - Renters Insurance Income,10.50,,The Standard at 2690
06/04/2025,4215 - Renters Insurance Income,4.50,,The Standard at 2690
06/04/2025,4215 - Renters Insurance Income,9.50,,University Townhomes
06/04/2025,4215 - Renters Insurance Income,3.00,,University Townhomes
06/04/2025,4215 - Renters Insurance Income,10.50,,Azure Villas
06/04/2025,4215 - Renters Insurance Income,4.50,,Azure Villas
06/04/2025,4215 - Renters Insurance Income,9.50,,Lakeside Condominiums
06/04/2025,4215 - Renters Insurance Income,3.00,,Lakeside Condominiums
06/04/2025,4215 - Renters Insurance Income,9.50,,Infinity Las Casitas Apartments LLC
06/04/2025,4215 - Renters Insurance Income,3.00,,Infinity Las Casitas Apartments LLC
06/04/2025,4215 - Renters Insurance Income,9.50,,Clear Lake Palms
06/04/2025,4215 - Renters Insurance Income,3.00,,Clear Lake Palms
06/04/2025,4215 - Renters Insurance Income,9.50,,Roselea Manor Apartments
06/04/2025,4215 - Renters Insurance Income,3.00,,Roselea Manor Apartments
06/04/2025,4215 - Renters Insurance Income,10.50,,Buena Vista
06/04/2025,4215 - Renters Insurance Income,4.50,,Buena Vista
06/04/2025,4215 - Renters Insurance Income,10.50,,Clear Lake Palms
06/04/2025,4215 - Renters Insurance Income,4.50,,Clear Lake Palms
06/04/2025,4215 - Renters Insurance Income,9.50,,Clear Lake Palms
06/04/2025,4215 - Renters Insurance Income,3.00,,Clear Lake Palms
06/04/2025,4215 - Renters Insurance Income,10.50,,Laguna Place
06/04/2025,4215 - Renters Insurance Income,4.50,,Laguna Place
06/04/2025,4215 - Renters Insurance Income,10.50,,Woodridge Manor
06/04/2025,4215 - Renters Insurance Income,4.50,,Woodridge Manor
06/04/2025,4215 - Renters Insurance Income,9.50,,Laguna Place
06/04/2025,4215 - Renters Insurance Income,3.00,,Laguna Place
06/04/2025,4215 - Renters Insurance Income,9.50,,Lakeside Condominiums
06/04/2025,4215 - Renters Insurance Income,3.00,,Lakeside Condominiums
06/04/2025,4215 - Renters Insurance Income,10.50,,Buena Vista
06/04/2025,4215 - Renters Insurance Income,4.50,,Buena Vista
06/04/2025,4215 - Renters Insurance Income,10.50,,Laguna Place
06/04/2025,4215 - Renters Insurance Income,4.50,,Laguna Place
06/04/2025,4215 - Renters Insurance Income,10.50,,Parc Place Villas
06/04/2025,4215 - Renters Insurance Income,4.50,,Parc Place Villas
06/04/2025,4215 - Renters Insurance Income,10.50,,Lakeside Condominiums
06/04/2025,4215 - Renters Insurance Income,4.50,,Lakeside Condominiums
06/04/2025,4215 - Renters Insurance Income,10.50,,Castle Creek Apartments
06/04/2025,4215 - Renters Insurance Income,4.50,,Castle Creek Apartments
06/04/2025,4215 - Renters Insurance Income,10.50,,South Bay Plantation
06/04/2025,4215 - Renters Insurance Income,4.50,,South Bay Plantation
06/04/2025,4215 - Renters Insurance Income,10.50,,Infinity Magnolia LLC
06/04/2025,4215 - Renters Insurance Income,4.50,,Infinity Magnolia LLC
06/04/2025,4215 - Renters Insurance Income,10.50,,The Standard at 2690
06/04/2025,4215 - Renters Insurance Income,4.50,,The Standard at 2690
06/04/2025,4215 - Renters Insurance Income,10.50,,Castle Creek Apartments
06/04/2025,4215 - Renters Insurance Income,4.50,,Castle Creek Apartments
06/04/2025,4215 - Renters Insurance Income,10.50,,Clear Lake Palms
06/04/2025,4215 - Renters Insurance Income,4.50,,Clear Lake Palms
06/04/2025,4215 - Renters Insurance Income,10.50,,Grove at Temple Terrace
06/04/2025,4215 - Renters Insurance Income,4.50,,Grove at Temple Terrace
06/04/2025,4215 - Renters Insurance Income,9.50,,Azure Villas
06/04/2025,4215 - Renters Insurance Income,3.00,,Azure Villas
06/04/2025,4215 - Renters Insurance Income,10.50,,Parc Place Villas
06/04/2025,4215 - Renters Insurance Income,4.50,,Parc Place Villas
06/04/2025,4215 - Renters Insurance Income,9.50,,"Infinity Magnolia 2, LLC"
06/04/2025,4215 - Renters Insurance Income,3.00,,"Infinity Magnolia 2, LLC"
06/04/2025,4215 - Renters Insurance Income,10.50,,Midway Manor Apartments
06/04/2025,4215 - Renters Insurance Income,4.50,,Midway Manor Apartments
06/04/2025,4215 - Renters Insurance Income,10.50,,South Bay Plantation
06/04/2025,4215 - Renters Insurance Income,4.50,,South Bay Plantation
06/04/2025,4215 - Renters Insurance Income,3.00,,"Infinity Reserve at Waters, LLC"
06/04/2025,4215 - Renters Insurance Income,10.50,,The Standard at 2690
06/04/2025,4215 - Renters Insurance Income,4.50,,The Standard at 2690
06/04/2025,4215 - Renters Insurance Income,9.50,,"Infinity Reserve at Waters, LLC"
06/04/2025,4215 - Renters Insurance Income,3.00,,"Infinity Reserve at Waters, LLC"
06/04/2025,4215 - Renters Insurance Income,10.50,,Azure Villas
06/04/2025,4215 - Renters Insurance Income,4.50,,Azure Villas
06/04/2025,4215 - Renters Insurance Income,3.00,,"Infinity Reserve at Waters, LLC"
06/04/2025,4215 - Renters Insurance Income,9.50,,Clear Lake Palms
06/04/2025,4215 - Renters Insurance Income,3.00,,Clear Lake Palms
06/04/2025,4215 - Renters Insurance Income,10.50,,Laguna Place
06/04/2025,4215 - Renters Insurance Income,4.50,,Laguna Place
06/04/2025,4215 - Renters Insurance Income,10.50,,Roselea Manor Apartments
06/04/2025,4215 - Renters Insurance Income,4.50,,Roselea Manor Apartments
06/04/2025,4215 - Renters Insurance Income,10.50,,Infinity Magnolia LLC
06/04/2025,4215 - Renters Insurance Income,4.50,,Infinity Magnolia LLC
06/04/2025,4215 - Renters Insurance Income,9.50,,Lakeside Condominiums
06/04/2025,4215 - Renters Insurance Income,3.00,,Lakeside Condominiums
06/04/2025,4215 - Renters Insurance Income,10.50,,Parc Place Villas
06/04/2025,4215 - Renters Insurance Income,4.50,,Parc Place Villas
06/04/2025,4215 - Renters Insurance Income,10.50,,Infinity Magnolia LLC
06/04/2025,4215 - Renters Insurance Income,4.50,,Infinity Magnolia LLC
06/04/2025,4215 - Renters Insurance Income,9.50,,Azure Villas
06/04/2025,4215 - Renters Insurance Income,3.00,,Azure Villas
06/04/2025,4215 - Renters Insurance Income,9.50,,Azure Villas
06/04/2025,4215 - Renters Insurance Income,3.00,,Azure Villas
06/04/2025,4215 - Renters Insurance Income,10.50,,"Infinity Reserve at Waters, LLC"
06/04/2025,4215 - Renters Insurance Income,4.50,,"Infinity Reserve at Waters, LLC"
06/04/2025,4215 - Renters Insurance Income,10.50,,Parc Place Villas
06/04/2025,4215 - Renters Insurance Income,4.50,,Parc Place Villas
06/04/2025,4215 - Renters Insurance Income,10.50,,Azure Villas
06/04/2025,4215 - Renters Insurance Income,4.50,,Azure Villas
06/04/2025,4215 - Renters Insurance Income,9.50,,Luna At Hollywood
06/04/2025,4215 - Renters Insurance Income,3.00,,Luna At Hollywood
06/04/2025,4215 - Renters Insurance Income,10.50,,"Infinity Magnolia 2, LLC"
06/04/2025,4215 - Renters Insurance Income,4.50,,"Infinity Magnolia 2, LLC"
06/04/2025,4215 - Renters Insurance Income,9.50,,Parc Place Villas
06/04/2025,4215 - Renters Insurance Income,3.00,,Parc Place Villas
06/04/2025,4215 - Renters Insurance Income,10.50,,Luna At Hollywood
06/04/2025,4215 - Renters Insurance Income,4.50,,Luna At Hollywood
06/04/2025,4215 - Renters Insurance Income,10.50,,Clear Lake Palms
06/04/2025,4215 - Renters Insurance Income,4.50,,Clear Lake Palms
06/04/2025,4215 - Renters Insurance Income,9.50,,Lakeside Condominiums
06/04/2025,4215 - Renters Insurance Income,3.00,,Lakeside Condominiums
06/04/2025,4215 - Renters Insurance Income,10.50,,South Bay Plantation
06/04/2025,4215 - Renters Insurance Income,4.50,,South Bay Plantation
06/04/2025,4215 - Renters Insurance Income,9.50,,Azure Villas
06/04/2025,4215 - Renters Insurance Income,3.00,,Azure Villas
06/04/2025,4215 - Renters Insurance Income,10.50,,South Bay Plantation
06/04/2025,4215 - Renters Insurance Income,4.50,,South Bay Plantation
06/04/2025,4215 - Renters Insurance Income,10.50,,Roselea Manor Apartments
06/04/2025,4215 - Renters Insurance Income,4.50,,Roselea Manor Apartments
06/04/2025,4215 - Renters Insurance Income,10.50,,Clear Lake Palms
06/04/2025,4215 - Renters Insurance Income,4.50,,Clear Lake Palms
06/04/2025,4215 - Renters Insurance Income,10.50,,"Infinity Reserve at Waters, LLC"
06/04/2025,4215 - Renters Insurance Income,4.50,,"Infinity Reserve at Waters, LLC"
06/04/2025,4215 - Renters Insurance Income,9.50,,"Infinity Reserve at Waters, LLC"
06/04/2025,4215 - Renters Insurance Income,3.00,,"Infinity Reserve at Waters, LLC"
06/04/2025,4215 - Renters Insurance Income,10.50,,Parc Place Villas
06/04/2025,4215 - Renters Insurance Income,4.50,,Parc Place Villas
06/04/2025,4215 - Renters Insurance Income,10.50,,Azure Villas
06/04/2025,4215 - Renters Insurance Income,4.50,,Azure Villas
06/04/2025,4215 - Renters Insurance Income,10.50,,Lakeside Condominiums
06/04/2025,4215 - Renters Insurance Income,4.50,,Lakeside Condominiums
06/04/2025,4215 - Renters Insurance Income,9.50,,Lakeside Condominiums
06/04/2025,4215 - Renters Insurance Income,3.00,,Lakeside Condominiums
06/04/2025,4215 - Renters Insurance Income,9.50,,Lakeside Condominiums
06/04/2025,4215 - Renters Insurance Income,3.00,,Lakeside Condominiums
06/04/2025,4215 - Renters Insurance Income,9.50,,Azure Villas
06/04/2025,4215 - Renters Insurance Income,3.00,,Azure Villas
06/04/2025,4215 - Renters Insurance Income,10.50,,The Standard at 2690
06/04/2025,4215 - Renters Insurance Income,4.50,,The Standard at 2690
06/04/2025,4215 - Renters Insurance Income,9.50,,Lakeside Condominiums
06/04/2025,4215 - Renters Insurance Income,3.00,,Lakeside Condominiums
06/04/2025,4215 - Renters Insurance Income,10.50,,South Bay Plantation
06/04/2025,4215 - Renters Insurance Income,4.50,,South Bay Plantation
06/04/2025,4215 - Renters Insurance Income,10.50,,Grove at Temple Terrace
06/04/2025,4215 - Renters Insurance Income,4.50,,Grove at Temple Terrace
06/04/2025,4215 - Renters Insurance Income,10.50,,The Standard at 2690
06/04/2025,4215 - Renters Insurance Income,4.50,,The Standard at 2690
06/04/2025,4215 - Renters Insurance Income,9.50,,Laguna Place
06/04/2025,4215 - Renters Insurance Income,3.00,,Laguna Place
06/04/2025,4215 - Renters Insurance Income,10.50,,Royal Manor
06/04/2025,4215 - Renters Insurance Income,4.50,,Royal Manor
06/04/2025,4215 - Renters Insurance Income,10.50,,Clear Lake Palms
06/04/2025,4215 - Renters Insurance Income,4.50,,Clear Lake Palms
06/04/2025,4215 - Renters Insurance Income,10.50,,Azure Villas
06/04/2025,4215 - Renters Insurance Income,4.50,,Azure Villas
06/04/2025,4215 - Renters Insurance Income,10.50,,Roselea Manor Apartments
06/04/2025,4215 - Renters Insurance Income,4.50,,Roselea Manor Apartments
06/04/2025,4215 - Renters Insurance Income,9.50,,Lakeside Condominiums
06/04/2025,4215 - Renters Insurance Income,3.00,,Lakeside Condominiums
06/04/2025,4215 - Renters Insurance Income,10.50,,Parc Place Villas
06/04/2025,4215 - Renters Insurance Income,4.50,,Parc Place Villas
06/04/2025,4215 - Renters Insurance Income,10.50,,South Bay Plantation
06/04/2025,4215 - Renters Insurance Income,4.50,,South Bay Plantation
06/04/2025,4215 - Renters Insurance Income,10.50,,Castle Creek Apartments
06/04/2025,4215 - Renters Insurance Income,4.50,,Castle Creek Apartments
06/04/2025,4215 - Renters Insurance Income,10.50,,The Standard at 2690
06/04/2025,4215 - Renters Insurance Income,4.50,,The Standard at 2690
06/04/2025,4215 - Renters Insurance Income,10.50,,Roselea Manor Apartments
06/04/2025,4215 - Renters Insurance Income,4.50,,Roselea Manor Apartments
06/04/2025,4215 - Renters Insurance Income,10.50,,South Bay Plantation
06/04/2025,4215 - Renters Insurance Income,4.50,,South Bay Plantation
06/04/2025,4215 - Renters Insurance Income,10.50,,Grove at Temple Terrace
06/04/2025,4215 - Renters Insurance Income,4.50,,Grove at Temple Terrace
06/04/2025,4215 - Renters Insurance Income,10.50,,Buena Vista
06/04/2025,4215 - Renters Insurance Income,4.50,,Buena Vista
06/04/2025,4215 - Renters Insurance Income,9.50,,Clear Lake Palms
06/04/2025,4215 - Renters Insurance Income,3.00,,Clear Lake Palms
06/04/2025,4215 - Renters Insurance Income,9.50,,Clear Lake Palms
06/04/2025,4215 - Renters Insurance Income,3.00,,Clear Lake Palms
06/04/2025,4215 - Renters Insurance Income,10.50,,Clear Lake Palms
06/04/2025,4215 - Renters Insurance Income,4.50,,Clear Lake Palms
06/04/2025,4215 - Renters Insurance Income,9.50,,Lakeside Condominiums
06/04/2025,4215 - Renters Insurance Income,3.00,,Lakeside Condominiums
06/04/2025,4215 - Renters Insurance Income,10.50,,Clear Lake Palms
06/04/2025,4215 - Renters Insurance Income,4.50,,Clear Lake Palms
06/04/2025,4215 - Renters Insurance Income,9.50,,Laguna Place
06/04/2025,4215 - Renters Insurance Income,3.00,,Laguna Place
06/04/2025,4215 - Renters Insurance Income,10.50,,Parc Place Villas
06/04/2025,4215 - Renters Insurance Income,4.50,,Parc Place Villas
06/04/2025,4215 - Renters Insurance Income,9.50,,Laguna Place
06/04/2025,4215 - Renters Insurance Income,3.00,,Laguna Place
06/04/2025,4215 - Renters Insurance Income,10.50,,Clear Lake Palms
06/04/2025,4215 - Renters Insurance Income,4.50,,Clear Lake Palms
06/04/2025,4215 - Renters Insurance Income,10.50,,Grove at Temple Terrace
06/04/2025,4215 - Renters Insurance Income,4.50,,Grove at Temple Terrace
06/04/2025,4215 - Renters Insurance Income,10.50,,Grove at Temple Terrace
06/04/2025,4215 - Renters Insurance Income,4.50,,Grove at Temple Terrace
06/04/2025,4215 - Renters Insurance Income,9.50,,"Infinity Magnolia 2, LLC"
06/04/2025,4215 - Renters Insurance Income,3.00,,"Infinity Magnolia 2, LLC"
06/04/2025,4215 - Renters Insurance Income,9.50,,Infinity Magnolia LLC
06/04/2025,4215 - Renters Insurance Income,3.00,,Infinity Magnolia LLC
06/04/2025,4215 - Renters Insurance Income,10.50,,Woodridge Manor
06/04/2025,4215 - Renters Insurance Income,4.50,,Woodridge Manor
06/04/2025,4215 - Renters Insurance Income,10.50,,University Townhomes
06/04/2025,4215 - Renters Insurance Income,4.50,,University Townhomes
06/04/2025,4215 - Renters Insurance Income,10.50,,Infinity Las Casitas Apartments LLC
06/04/2025,4215 - Renters Insurance Income,4.50,,Infinity Las Casitas Apartments LLC
06/04/2025,4215 - Renters Insurance Income,10.50,,Buena Vista
06/04/2025,4215 - Renters Insurance Income,4.50,,Buena Vista
06/04/2025,4215 - Renters Insurance Income,10.50,,Lakeside Condominiums
06/04/2025,4215 - Renters Insurance Income,4.50,,Lakeside Condominiums
06/04/2025,4215 - Renters Insurance Income,9.50,,Lakeside Condominiums
06/04/2025,4215 - Renters Insurance Income,3.00,,Lakeside Condominiums
06/04/2025,4215 - Renters Insurance Income,10.50,,"Infinity Magnolia 2, LLC"
06/04/2025,4215 - Renters Insurance Income,4.50,,"Infinity Magnolia 2, LLC"
06/04/2025,4215 - Renters Insurance Income,9.50,,Clear Lake Palms
06/04/2025,4215 - Renters Insurance Income,3.00,,Clear Lake Palms
06/04/2025,4215 - Renters Insurance Income,9.50,,Azure Villas
06/04/2025,4215 - Renters Insurance Income,3.00,,Azure Villas
06/04/2025,4215 - Renters Insurance Income,9.50,,Infinity Magnolia LLC
06/04/2025,4215 - Renters Insurance Income,3.00,,Infinity Magnolia LLC
06/04/2025,4215 - Renters Insurance Income,10.50,,Buena Vista
06/04/2025,4215 - Renters Insurance Income,4.50,,Buena Vista
06/04/2025,4215 - Renters Insurance Income,9.50,,Luna At Hollywood
06/04/2025,4215 - Renters Insurance Income,3.00,,Luna At Hollywood
06/04/2025,4215 - Renters Insurance Income,10.50,,"Infinity Reserve at Waters, LLC"
06/04/2025,4215 - Renters Insurance Income,4.50,,"Infinity Reserve at Waters, LLC"
06/04/2025,4215 - Renters Insurance Income,10.50,,Infinity Magnolia LLC
06/04/2025,4215 - Renters Insurance Income,4.50,,Infinity Magnolia LLC
06/04/2025,4215 - Renters Insurance Income,10.50,,Woodridge Manor
06/04/2025,4215 - Renters Insurance Income,4.50,,Woodridge Manor
06/04/2025,4215 - Renters Insurance Income,10.50,,Lakeside Condominiums
06/04/2025,4215 - Renters Insurance Income,4.50,,Lakeside Condominiums
06/04/2025,4215 - Renters Insurance Income,10.50,,Buena Vista
06/04/2025,4215 - Renters Insurance Income,4.50,,Buena Vista
06/04/2025,4215 - Renters Insurance Income,10.50,,Parc Place Villas
06/04/2025,4215 - Renters Insurance Income,4.50,,Parc Place Villas
06/04/2025,4215 - Renters Insurance Income,9.50,,Luna At Hollywood
06/04/2025,4215 - Renters Insurance Income,3.00,,Luna At Hollywood
06/04/2025,4215 - Renters Insurance Income,9.50,,Clear Lake Palms
06/04/2025,4215 - Renters Insurance Income,3.00,,Clear Lake Palms
06/04/2025,4215 - Renters Insurance Income,10.50,,Parc Place Villas
06/04/2025,4215 - Renters Insurance Income,4.50,,Parc Place Villas
06/04/2025,4215 - Renters Insurance Income,9.50,,Azure Villas
06/04/2025,4215 - Renters Insurance Income,3.00,,Azure Villas
06/04/2025,4215 - Renters Insurance Income,9.50,,Luna At Hollywood
06/04/2025,4215 - Renters Insurance Income,3.00,,Luna At Hollywood
06/04/2025,4215 - Renters Insurance Income,10.50,,Woodridge Manor
06/04/2025,4215 - Renters Insurance Income,4.50,,Woodridge Manor
06/04/2025,4215 - Renters Insurance Income,10.50,,Parc Place Villas
06/04/2025,4215 - Renters Insurance Income,4.50,,Parc Place Villas
06/04/2025,4215 - Renters Insurance Income,10.50,,Parc Place Villas
06/04/2025,4215 - Renters Insurance Income,4.50,,Parc Place Villas
06/04/2025,4215 - Renters Insurance Income,9.50,,Clear Lake Palms
06/04/2025,4215 - Renters Insurance Income,3.00,,Clear Lake Palms
06/04/2025,4215 - Renters Insurance Income,9.50,,Lakeside Condominiums
06/04/2025,4215 - Renters Insurance Income,3.00,,Lakeside Condominiums
06/04/2025,4215 - Renters Insurance Income,9.50,,Luna At Hollywood
06/04/2025,4215 - Renters Insurance Income,3.00,,Luna At Hollywood
06/04/2025,4215 - Renters Insurance Income,9.50,,Infinity Magnolia LLC
06/04/2025,4215 - Renters Insurance Income,3.00,,Infinity Magnolia LLC
06/04/2025,4215 - Renters Insurance Income,10.50,,Castle Creek Apartments
06/04/2025,4215 - Renters Insurance Income,4.50,,Castle Creek Apartments
06/04/2025,4215 - Renters Insurance Income,10.50,,Castle Creek Apartments
06/04/2025,4215 - Renters Insurance Income,4.50,,Castle Creek Apartments
06/04/2025,4300 - Prepaid Rent,8.00,,Castle Creek Apartments
06/04/2025,4300 - Prepaid Rent,55.00,,Azure Villas
06/04/2025,4300 - Prepaid Rent,65.00,,Azure Villas
06/04/2025,4300 - Prepaid Rent,25.00,,Azure Villas
06/04/2025,4300 - Prepaid Rent,10.50,,Azure Villas
06/04/2025,4300 - Prepaid Rent,4.50,,Azure Villas
06/04/2025,4300 - Prepaid Rent,840.00,,Azure Villas
06/04/2025,4300 - Prepaid Rent,9.50,,University Townhomes
06/04/2025,4300 - Prepaid Rent,3.00,,University Townhomes
06/04/2025,4300 - Prepaid Rent,9.50,,Parc Place Villas
06/04/2025,4300 - Prepaid Rent,3.00,,Parc Place Villas
06/04/2025,4300 - Prepaid Rent,2.50,,Parc Place Villas
06/04/2025,4300 - Prepaid Rent,9.50,,Parc Place Villas
06/04/2025,4300 - Prepaid Rent,3.00,,Parc Place Villas
06/04/2025,4300 - Prepaid Rent,45.00,,Parc Place Villas
06/04/2025,4300 - Prepaid Rent,250.00,,Parc Place Villas
06/04/2025,4300 - Prepaid Rent,,9.50,"Infinity Magnolia 2, LLC"
06/04/2025,4300 - Prepaid Rent,,3.00,"Infinity Magnolia 2, LLC"
06/04/2025,4300 - Prepaid Rent,,"1,075.00","Infinity Magnolia 2, LLC"
06/04/2025,4300 - Prepaid Rent,9.50,,"Infinity Magnolia 2, LLC"
06/04/2025,4300 - Prepaid Rent,3.00,,"Infinity Magnolia 2, LLC"
06/04/2025,4300 - Prepaid Rent,"1,075.00",,"Infinity Magnolia 2, LLC"
06/04/2025,4300 - Prepaid Rent,,10.50,Roselea Manor Apartments
06/04/2025,4300 - Prepaid Rent,,4.50,Roselea Manor Apartments
06/04/2025,4300 - Prepaid Rent,,"1,150.00",Roselea Manor Apartments
06/04/2025,4300 - Prepaid Rent,10.50,,Roselea Manor Apartments
06/04/2025,4300 - Prepaid Rent,4.50,,Roselea Manor Apartments
06/04/2025,4300 - Prepaid Rent,"1,150.00",,Roselea Manor Apartments
06/04/2025,4300 - Prepaid Rent,1.50,,Grove at Temple Terrace
06/04/2025,4300 - Prepaid Rent,1.00,,University Townhomes
06/04/2025,4300 - Prepaid Rent,2.50,,University Townhomes
06/04/2025,4300 - Prepaid Rent,2.02,,Laguna Place
06/04/2025,4300 - Prepaid Rent,0.50,,Lakeside Condominiums
06/04/2025,4300 - Prepaid Rent,50.00,,Royal Manor
06/04/2025,4300 - Prepaid Rent,4.00,,Royal Manor
06/04/2025,4300 - Prepaid Rent,122.60,,Royal Manor
06/04/2025,4300 - Prepaid Rent,2.50,,University Townhomes
06/04/2025,4300 - Prepaid Rent,9.50,,Infinity Magnolia LLC
06/04/2025,4300 - Prepaid Rent,0.50,,Infinity Magnolia LLC
06/04/2025,4300 - Prepaid Rent,6.49,,Roselea Manor Apartments
06/04/2025,4300 - Prepaid Rent,15.00,,Castle Creek Apartments
06/04/2025,4300 - Prepaid Rent,2.00,,Buena Vista
06/04/2025,4300 - Prepaid Rent,2.50,,Azure Villas
06/04/2025,4300 - Prepaid Rent,9.50,,Clear Lake Palms
06/04/2025,4300 - Prepaid Rent,3.00,,Clear Lake Palms
06/04/2025,4300 - Prepaid Rent,6.67,,Clear Lake Palms
06/04/2025,4300 - Prepaid Rent,10.50,,Laguna Place
06/04/2025,4300 - Prepaid Rent,4.50,,Laguna Place
06/04/2025,4300 - Prepaid Rent,"1,201.57",,Laguna Place
06/04/2025,4300 - Prepaid Rent,283.43,,Laguna Place
06/04/2025,4300 - Prepaid Rent,10.50,,Laguna Place
06/04/2025,4300 - Prepaid Rent,4.50,,Laguna Place
06/04/2025,4300 - Prepaid Rent,918.14,,Laguna Place
06/04/2025,4300 - Prepaid Rent,,"1,700.00",South Bay Plantation
06/04/2025,4300 - Prepaid Rent,,10.50,South Bay Plantation
06/04/2025,4300 - Prepaid Rent,,4.50,South Bay Plantation
06/04/2025,4300 - Prepaid Rent,4.00,,Parc Place Villas
06/04/2025,4300 - Prepaid Rent,10.50,,Roselea Manor Apartments
06/04/2025,4300 - Prepaid Rent,4.50,,Roselea Manor Apartments
06/04/2025,4300 - Prepaid Rent,120.00,,Roselea Manor Apartments
06/04/2025,4300 - Prepaid Rent,280.00,,Clear Lake Palms
06/04/2025,4300 - Prepaid Rent,10.50,,Clear Lake Palms
06/04/2025,4300 - Prepaid Rent,4.50,,Clear Lake Palms
06/04/2025,4300 - Prepaid Rent,10.50,,Castle Creek Apartments
06/04/2025,4300 - Prepaid Rent,4.50,,Castle Creek Apartments
06/04/2025,4300 - Prepaid Rent,3.00,,Castle Creek Apartments
06/04/2025,4360 - Month to Month Fee,200.00,,University Townhomes
06/04/2025,4360 - Month to Month Fee,200.00,,Lakeside Condominiums
06/04/2025,4360 - Month to Month Fee,200.00,,Buena Vista
06/04/2025,4410 - NSF Fees Collected,35.00,,Azure Villas
06/04/2025,4410 - NSF Fees Collected,35.00,,South Bay Plantation
06/04/2025,4410 - NSF Fees Collected,35.00,,Parc Place Villas
06/04/2025,4410 - NSF Fees Collected,35.00,,Grove at Temple Terrace
06/04/2025,4410 - NSF Fees Collected,35.00,,South Bay Plantation
06/04/2025,4410 - NSF Fees Collected,35.00,,South Bay Plantation
06/04/2025,4410 - NSF Fees Collected,35.00,,Lakeside Condominiums
06/04/2025,4474 - Activation Fee,30.00,,Woodridge Manor
06/04/2025,4550 - Application Fee Income,75.00,,University Townhomes
06/04/2025,4550 - Application Fee Income,75.00,,Grove at Temple Terrace
06/04/2025,4550 - Application Fee Income,75.00,,Grove at Temple Terrace
06/04/2025,4550 - Application Fee Income,70.00,,Buena Vista
06/04/2025,4550 - Application Fee Income,70.00,,Buena Vista
06/04/2025,4560 - Laundry Income,45.00,,Laguna Place
06/04/2025,4560 - Laundry Income,45.00,,Laguna Place
06/04/2025,4560 - Laundry Income,45.00,,Laguna Place
06/04/2025,4560 - Laundry Income,45.00,,Laguna Place
06/04/2025,4560 - Laundry Income,45.00,,Laguna Place
06/04/2025,4560 - Laundry Income,45.00,,Laguna Place
06/04/2025,5650 - Move Out Charges,800.00,,Clear Lake Palms
06/04/2025,5650 - Move Out Charges,50.00,,Clear Lake Palms
06/04/2025,5650 - Move Out Charges,200.00,,Clear Lake Palms
06/04/2025,5650 - Move Out Charges,300.00,,Laguna Place
06/04/2025,5650 - Move Out Charges,200.00,,South Bay Plantation
06/04/2025,5650 - Move Out Charges,250.00,,South Bay Plantation
06/04/2025,5650 - Move Out Charges,250.00,,South Bay Plantation
06/04/2025,5650 - Move Out Charges,330.00,,South Bay Plantation
06/04/2025,"5670 - Water, sewer, pest control and trash collected from tenants",50.00,,Midway Manor Apartments
06/04/2025,"5670 - Water, sewer, pest control and trash collected from tenants",65.00,,Azure Villas
06/04/2025,"5670 - Water, sewer, pest control and trash collected from tenants",25.00,,Azure Villas
06/04/2025,"5670 - Water, sewer, pest control and trash collected from tenants",65.00,,Azure Villas
06/04/2025,"5670 - Water, sewer, pest control and trash collected from tenants",25.00,,Azure Villas
06/04/2025,"5670 - Water, sewer, pest control and trash collected from tenants",99.00,,Buena Vista
06/04/2025,"5670 - Water, sewer, pest control and trash collected from tenants",85.00,,Azure Villas
06/04/2025,"5670 - Water, sewer, pest control and trash collected from tenants",25.00,,Azure Villas
06/04/2025,"5670 - Water, sewer, pest control and trash collected from tenants",50.00,,Royal Manor
06/04/2025,"5670 - Water, sewer, pest control and trash collected from tenants",104.00,,Buena Vista
06/04/2025,"5670 - Water, sewer, pest control and trash collected from tenants",96.00,,Buena Vista
06/04/2025,"5670 - Water, sewer, pest control and trash collected from tenants",50.00,,Royal Manor
06/04/2025,"5670 - Water, sewer, pest control and trash collected from tenants",85.00,,Azure Villas
06/04/2025,"5670 - Water, sewer, pest control and trash collected from tenants",25.00,,Azure Villas
06/04/2025,"5670 - Water, sewer, pest control and trash collected from tenants",104.00,,Buena Vista
06/04/2025,"5670 - Water, sewer, pest control and trash collected from tenants",94.00,,Buena Vista
06/04/2025,"5670 - Water, sewer, pest control and trash collected from tenants",50.00,,Royal Manor
06/04/2025,"5670 - Water, sewer, pest control and trash collected from tenants",96.00,,Buena Vista
06/04/2025,"5670 - Water, sewer, pest control and trash collected from tenants",50.00,,Royal Manor
06/04/2025,"5670 - Water, sewer, pest control and trash collected from tenants",99.00,,Buena Vista
06/04/2025,"5670 - Water, sewer, pest control and trash collected from tenants",104.00,,Buena Vista
06/04/2025,"5670 - Water, sewer, pest control and trash collected from tenants",85.00,,Azure Villas
06/04/2025,"5670 - Water, sewer, pest control and trash collected from tenants",25.00,,Azure Villas
06/04/2025,"5670 - Water, sewer, pest control and trash collected from tenants",50.00,,Midway Manor Apartments
06/04/2025,"5670 - Water, sewer, pest control and trash collected from tenants",35.00,,Azure Villas
06/04/2025,"5670 - Water, sewer, pest control and trash collected from tenants",25.00,,Azure Villas
06/04/2025,"5670 - Water, sewer, pest control and trash collected from tenants",104.00,,Buena Vista
06/04/2025,"5670 - Water, sewer, pest control and trash collected from tenants",50.00,,Midway Manor Apartments
06/04/2025,"5670 - Water, sewer, pest control and trash collected from tenants",50.00,,Royal Manor
06/04/2025,"5670 - Water, sewer, pest control and trash collected from tenants",96.00,,Buena Vista
06/04/2025,"5670 - Water, sewer, pest control and trash collected from tenants",99.00,,Buena Vista
06/04/2025,"5670 - Water, sewer, pest control and trash collected from tenants",40.00,,Midway Manor Apartments
06/04/2025,"5670 - Water, sewer, pest control and trash collected from tenants",104.00,,Buena Vista
06/04/2025,"5670 - Water, sewer, pest control and trash collected from tenants",65.00,,Azure Villas
06/04/2025,"5670 - Water, sewer, pest control and trash collected from tenants",25.00,,Azure Villas
06/04/2025,"5670 - Water, sewer, pest control and trash collected from tenants",94.00,,Buena Vista
06/04/2025,"5670 - Water, sewer, pest control and trash collected from tenants",85.00,,Azure Villas
06/04/2025,"5670 - Water, sewer, pest control and trash collected from tenants",25.00,,Azure Villas
06/04/2025,"5670 - Water, sewer, pest control and trash collected from tenants",96.00,,Buena Vista
06/04/2025,"5670 - Water, sewer, pest control and trash collected from tenants",99.00,,Buena Vista
06/04/2025,"5670 - Water, sewer, pest control and trash collected from tenants",65.00,,Azure Villas
06/04/2025,"5670 - Water, sewer, pest control and trash collected from tenants",25.00,,Azure Villas
06/04/2025,"5670 - Water, sewer, pest control and trash collected from tenants",99.00,,Buena Vista
06/04/2025,"5670 - Water, sewer, pest control and trash collected from tenants",65.00,,Azure Villas
06/04/2025,"5670 - Water, sewer, pest control and trash collected from tenants",25.00,,Azure Villas
06/04/2025,"5670 - Water, sewer, pest control and trash collected from tenants",99.00,,Buena Vista
06/04/2025,"5670 - Water, sewer, pest control and trash collected from tenants",94.00,,Buena Vista
06/04/2025,"5670 - Water, sewer, pest control and trash collected from tenants",50.00,,Midway Manor Apartments
06/04/2025,"5670 - Water, sewer, pest control and trash collected from tenants",104.00,,Buena Vista
06/04/2025,"5670 - Water, sewer, pest control and trash collected from tenants",94.00,,Buena Vista
06/04/2025,"5670 - Water, sewer, pest control and trash collected from tenants",50.00,,Midway Manor Apartments
06/04/2025,"5670 - Water, sewer, pest control and trash collected from tenants",65.00,,Azure Villas
06/04/2025,"5670 - Water, sewer, pest control and trash collected from tenants",25.00,,Azure Villas
06/04/2025,"5670 - Water, sewer, pest control and trash collected from tenants",25.00,,Azure Villas
06/04/2025,"5670 - Water, sewer, pest control and trash collected from tenants",65.00,,Azure Villas
06/04/2025,"5670 - Water, sewer, pest control and trash collected from tenants",65.00,,Azure Villas
06/04/2025,"5670 - Water, sewer, pest control and trash collected from tenants",25.00,,Azure Villas
06/04/2025,"5670 - Water, sewer, pest control and trash collected from tenants",65.00,,Azure Villas
06/04/2025,"5670 - Water, sewer, pest control and trash collected from tenants",25.00,,Azure Villas
06/04/2025,"5670 - Water, sewer, pest control and trash collected from tenants",50.00,,Royal Manor
06/04/2025,"5670 - Water, sewer, pest control and trash collected from tenants",65.00,,Azure Villas
06/04/2025,"5670 - Water, sewer, pest control and trash collected from tenants",25.00,,Azure Villas
06/04/2025,"5670 - Water, sewer, pest control and trash collected from tenants",104.00,,Buena Vista
06/04/2025,"5670 - Water, sewer, pest control and trash collected from tenants",104.00,,Buena Vista
06/04/2025,"5670 - Water, sewer, pest control and trash collected from tenants",65.00,,Azure Villas
06/04/2025,"5670 - Water, sewer, pest control and trash collected from tenants",25.00,,Azure Villas
06/04/2025,"5670 - Water, sewer, pest control and trash collected from tenants",104.00,,Buena Vista
06/04/2025,"5670 - Water, sewer, pest control and trash collected from tenants",96.00,,Buena Vista
06/04/2025,5680 - Late Fee,150.00,,South Bay Plantation
06/04/2025,5680 - Late Fee,147.19,,The Standard at 2690
06/04/2025,5680 - Late Fee,150.00,,South Bay Plantation
06/04/2025,5680 - Late Fee,150.00,,Castle Creek Apartments
06/04/2025,5680 - Late Fee,150.00,,Castle Creek Apartments
06/04/2025,5683 - Disposition Fee Income,350.00,,Castle Creek Apartments
06/04/2025,5684 - Trash Fee Income,25.00,,The Standard at 2690
06/04/2025,5684 - Trash Fee Income,25.00,,Azure Villas
06/04/2025,5684 - Trash Fee Income,25.00,,The Standard at 2690
06/04/2025,5684 - Trash Fee Income,25.00,,The Standard at 2690
06/04/2025,5684 - Trash Fee Income,25.00,,The Standard at 2690
06/04/2025,5684 - Trash Fee Income,25.00,,The Standard at 2690
06/04/2025,5684 - Trash Fee Income,25.00,,Azure Villas
06/04/2025,5684 - Trash Fee Income,25.00,,The Standard at 2690
06/04/2025,5684 - Trash Fee Income,25.00,,Azure Villas
06/04/2025,5684 - Trash Fee Income,25.00,,The Standard at 2690
06/04/2025,5684 - Trash Fee Income,25.00,,Azure Villas
06/04/2025,5684 - Trash Fee Income,25.00,,The Standard at 2690
06/04/2025,5684 - Trash Fee Income,25.00,,The Standard at 2690
06/04/2025,5684 - Trash Fee Income,25.00,,The Standard at 2690
06/04/2025,5684 - Trash Fee Income,25.00,,The Standard at 2690
06/04/2025,5684 - Trash Fee Income,25.00,,The Standard at 2690
06/04/2025,5684 - Trash Fee Income,25.00,,The Standard at 2690
06/04/2025,5684 - Trash Fee Income,25.00,,Azure Villas
06/04/2025,5684 - Trash Fee Income,25.00,,The Standard at 2690
06/04/2025,5684 - Trash Fee Income,25.00,,The Standard at 2690
06/04/2025,5684 - Trash Fee Income,25.00,,The Standard at 2690
06/04/2025,5684 - Trash Fee Income,25.00,,Azure Villas
06/04/2025,5684 - Trash Fee Income,25.00,,The Standard at 2690
06/04/2025,5684 - Trash Fee Income,25.00,,Azure Villas
06/04/2025,5684 - Trash Fee Income,25.00,,The Standard at 2690
06/04/2025,5684 - Trash Fee Income,25.00,,Azure Villas
06/04/2025,5684 - Trash Fee Income,25.00,,Azure Villas
06/04/2025,5684 - Trash Fee Income,25.00,,Azure Villas
06/04/2025,5684 - Trash Fee Income,25.00,,The Standard at 2690
06/04/2025,5684 - Trash Fee Income,25.00,,Azure Villas
06/04/2025,5684 - Trash Fee Income,25.00,,The Standard at 2690
06/04/2025,5684 - Trash Fee Income,25.00,,Azure Villas
06/04/2025,5687 - Utility Income,85.00,,Infinity Las Casitas Apartments LLC
06/04/2025,5700 - Miscellaneous Income,1.07,,University Townhomes
06/04/2025,5700 - Miscellaneous Income,1.04,,University Townhomes
06/04/2025,5700 - Miscellaneous Income,150.00,,Laguna Place
06/04/2025,5700 - Miscellaneous Income,"1,226.41",,Parc Place Villas
06/04/2025,5700 - Miscellaneous Income,400.00,,Clear Lake Palms
06/04/2025,5700 - Miscellaneous Income,50.00,,Buena Vista
06/04/2025,5700 - Miscellaneous Income,400.00,,Luna At Hollywood
06/04/2025,5700 - Miscellaneous Income,2.62,,University Townhomes
06/04/2025,5710 - Pest Control Fee,4.00,,Midway Manor Apartments
06/04/2025,5710 - Pest Control Fee,2.00,,The Standard at 2690
06/04/2025,5710 - Pest Control Fee,4.00,,Royal Manor
06/04/2025,5710 - Pest Control Fee,2.00,,The Standard at 2690
06/04/2025,5710 - Pest Control Fee,2.00,,The Standard at 2690
06/04/2025,5710 - Pest Control Fee,4.00,,Royal Manor
06/04/2025,5710 - Pest Control Fee,2.00,,The Standard at 2690
06/04/2025,5710 - Pest Control Fee,2.00,,The Standard at 2690
06/04/2025,5710 - Pest Control Fee,2.00,,The Standard at 2690
06/04/2025,5710 - Pest Control Fee,4.00,,Royal Manor
06/04/2025,5710 - Pest Control Fee,5.00,,Royal Manor
06/04/2025,5710 - Pest Control Fee,2.00,,The Standard at 2690
06/04/2025,5710 - Pest Control Fee,4.00,,Midway Manor Apartments
06/04/2025,5710 - Pest Control Fee,2.00,,The Standard at 2690
06/04/2025,5710 - Pest Control Fee,4.00,,Midway Manor Apartments
06/04/2025,5710 - Pest Control Fee,4.00,,Royal Manor
06/04/2025,5710 - Pest Control Fee,2.00,,The Standard at 2690
06/04/2025,5710 - Pest Control Fee,2.00,,The Standard at 2690
06/04/2025,5710 - Pest Control Fee,4.00,,Midway Manor Apartments
06/04/2025,5710 - Pest Control Fee,2.00,,The Standard at 2690
06/04/2025,5710 - Pest Control Fee,2.00,,The Standard at 2690
06/04/2025,5710 - Pest Control Fee,2.00,,The Standard at 2690
06/04/2025,5710 - Pest Control Fee,2.00,,The Standard at 2690
06/04/2025,5710 - Pest Control Fee,2.00,,The Standard at 2690
06/04/2025,5710 - Pest Control Fee,2.00,,The Standard at 2690
06/04/2025,5710 - Pest Control Fee,2.00,,The Standard at 2690
06/04/2025,5710 - Pest Control Fee,4.00,,Midway Manor Apartments
06/04/2025,5710 - Pest Control Fee,2.00,,The Standard at 2690
06/04/2025,5710 - Pest Control Fee,2.00,,The Standard at 2690
06/04/2025,5710 - Pest Control Fee,5.00,,Midway Manor Apartments
06/04/2025,5710 - Pest Control Fee,2.00,,The Standard at 2690
06/04/2025,5710 - Pest Control Fee,2.00,,The Standard at 2690
06/04/2025,5710 - Pest Control Fee,2.00,,The Standard at 2690
06/04/2025,5710 - Pest Control Fee,4.00,,Royal Manor
06/04/2025,5710 - Pest Control Fee,2.00,,The Standard at 2690
06/04/2025,6050 - Interest Expense Loan,,"26,942.14",Castle Creek Apartments
06/04/2025,6321 - Insurance Deductibles,,464.88,Infinity Magnolia LLC
06/04/2025,6321 - Insurance Deductibles,,"2,110.19",Infinity Magnolia LLC
06/04/2025,6321 - Insurance Deductibles,,"3,830.45",Infinity Magnolia LLC
06/04/2025,6321 - Insurance Deductibles,,4.82,Infinity Magnolia LLC
06/04/2025,6321 - Insurance Deductibles,,"3,302.25",Infinity Magnolia LLC
06/04/2025,6321 - Insurance Deductibles,,22.54,Infinity Magnolia LLC
06/04/2025,6321 - Insurance Deductibles,,683.18,Infinity Magnolia LLC
06/04/2025,6321 - Insurance Deductibles,,15.75,Zuli Shopping Plaza
06/04/2025,6321 - Insurance Deductibles,,"3,849.00",Zuli Shopping Plaza
06/04/2025,6321 - Insurance Deductibles,,651.00,Midway Manor Apartments
06/04/2025,6321 - Insurance Deductibles,,342.50,Midway Manor Apartments
06/04/2025,6321 - Insurance Deductibles,,336.00,Midway Manor Apartments
06/04/2025,6321 - Insurance Deductibles,,216.23,Park Creek Apartments
06/04/2025,6321 - Insurance Deductibles,,84.00,Park Creek Apartments
06/04/2025,6321 - Insurance Deductibles,,908.95,Park Creek Apartments
06/04/2025,6411 - Electricity- Common Area,,302.77,Infinity Gardens Apartments LLC
06/04/2025,6430 - Water & Sewer,85.00,,Azure Villas
06/04/2025,6430 - Water & Sewer,65.00,,Azure Villas
06/04/2025,6430 - Water & Sewer,85.00,,Azure Villas
06/04/2025,6430 - Water & Sewer,85.00,,Azure Villas
06/04/2025,6430 - Water & Sewer,65.00,,Azure Villas
06/04/2025,6430 - Water & Sewer,85.00,,Azure Villas
06/04/2025,6430 - Water & Sewer,85.00,,Azure Villas
06/04/2025,6430 - Water & Sewer,85.00,,Azure Villas
06/04/2025,6430 - Water & Sewer,65.00,,Azure Villas
06/04/2025,6430 - Water & Sewer,65.00,,Azure Villas
06/04/2025,6430 - Water & Sewer,65.00,,Azure Villas
06/04/2025,6430 - Water & Sewer,65.00,,Azure Villas
06/04/2025,6480 - Internet & Cable Service,,96.82,University Townhomes
06/04/2025,6480 - Internet & Cable Service,"2,448.82",,Laguna Place
06/04/2025,6563 - Professional Fees-Office Administration,,915.00,Park Creek Apartments
06/04/2025,6730 - Supplies Repairs and Maintenance,,85.49,Castle Creek Apartments
06/04/2025,6730 - Supplies Repairs and Maintenance,,42.66,Castle Creek Apartments
06/04/2025,6730 - Supplies Repairs and Maintenance,,399.07,Castle Creek Apartments
06/04/2025,6730 - Supplies Repairs and Maintenance,,322.92,Castle Creek Apartments
06/04/2025,6800 - Travel,,351.69,The Standard at 2690
06/04/2025,6800 - Travel,,231.37,Parc Place Villas
06/04/2025,6800 - Travel,,219.03,Lakeside Condominiums
06/04/2025,6800 - Travel,,215.95,Castle Creek Apartments
06/04/2025,6800 - Travel,,212.86,Infinity Magnolia LLC
06/04/2025,6800 - Travel,,202.84,Clear Lake Palms
06/04/2025,6800 - Travel,,185.10,Buena Vista
06/04/2025,6800 - Travel,,174.30,Azure Villas
06/04/2025,6800 - Travel,,166.59,Laguna Place
06/04/2025,6800 - Travel,,158.11,"Infinity Reserve at Waters, LLC"
06/04/2025,6800 - Travel,,156.56,South Bay Plantation
06/04/2025,6800 - Travel,,154.25,University Townhomes
06/04/2025,6800 - Travel,,138.82,Grove at Temple Terrace
06/04/2025,6800 - Travel,,124.94,Luna At Hollywood
06/04/2025,6800 - Travel,,122.63,Infinity Las Casitas Apartments LLC
06/04/2025,6800 - Travel,,102.58,Roselea Manor Apartments
06/04/2025,6800 - Travel,,86.38,"Infinity Magnolia 2, LLC"
06/04/2025,6800 - Travel,,61.70,Midway Manor Apartments
06/04/2025,6800 - Travel,,58.61,Royal Manor
06/04/2025,6800 - Travel,,55.53,Woodridge Manor
06/04/2025,6800 - Travel,,17.74,Infinity Gardens Apartments LLC
06/04/2025,6800 - Travel,,16.20,The Oaks Apartments
06/04/2025,6800 - Travel,,10.80,Collins Shopping Plaza
06/04/2025,6800 - Travel,,4.63,"Infinity Harding, LLC"
06/04/2025,6800 - Travel,,3.09,Zuli Shopping Plaza
06/04/2025,6800 - Travel,,3.08,"Infinity Highland Oaks, LLC"
06/04/2025,6800 - Travel,,2.31,"INFINITY ALABAMA, LLC"
06/04/2025,6800 - Travel,,0.77,LAND WINTERSET
06/04/2025,6800 - Travel,,0.77,INFINITY MAJESTIC PH LLC
06/04/2025,6800 - Travel,,0.77,Infinity Normans LLC
06/04/2025,6800 - Travel,,122.85,Lakeside Condominiums
06/04/2025,6800 - Travel,,97.41,Azure Villas
06/04/2025,6800 - Travel,,87.51,South Bay Plantation
06/04/2025,6800 - Travel,,69.83,Luna At Hollywood
06/04/2025,6800 - Travel,,9.05,The Oaks Apartments
06/04/2025,6800 - Travel,,6.03,Collins Shopping Plaza
06/04/2025,6800 - Travel,,2.59,"Infinity Harding, LLC"
06/04/2025,6800 - Travel,,1.72,"Infinity Highland Oaks, LLC"
06/04/2025,6800 - Travel,,1.72,Zuli Shopping Plaza
06/04/2025,6800 - Travel,,0.86,INFINITY MAJESTIC PH LLC
06/04/2025,6800 - Travel,,0.43,Infinity Normans LLC
06/04/2025,7450 - Advertising/ Signs/ Promotion,,"1,075.00",Luna At Hollywood
06/04/2025,7460 - Marketing - Entertainment,,"1,187.90",Grove at Temple Terrace
06/04/2025,7610 - Legal Expenses,322.59,,Azure Villas
06/04/2025,Liability to Landlord Insurance,9.50,,"Infinity Reserve at Waters, LLC"
06/04/2025,Liability to Landlord Insurance,9.50,,University Townhomes
06/04/2025,Liability to Landlord Insurance,9.50,,Infinity Magnolia LLC
06/04/2025,Liability to Landlord Insurance,9.50,,University Townhomes
06/04/2025,Liability to Landlord Insurance,9.50,,"Infinity Reserve at Waters, LLC"
